architecture,category_split,tipo_arquitectura,services
cRxvZBIa-gI,interactive,None,"['ThirdParty', 'ALB', 'EKS', 'Aurora', 'UserConsumerMobile']"
HwHVFWdczVw,interactive,Edge,"['S3', 'ECS', 'ALB', 'DynamoDB', 'SQS', 'UserConsumerWebMobile', 'CloudFront', 'ElastiCache', 'RDS']"
GoziWpmFCS0,data_ingestion,Edge,"['Athena', 'Glue', 'S3']"
qgW8LQ8iBuA,data_ingestion,None,"['ThirdParty', 'S3', 'UserCompanyAgent', 'ELB', 'Aurora', 'EC2', 'ElastiCache']"
a1sEfGVDpEQ,data_ingestion,None,"['Lambda', 'ThirdParty', 'S3', 'Firehose', 'SecurityHub', 'GuardDuty', 'StepFunctions']"
XG6mHvi4eNU,control,None,"['S3', 'UserCompanyDeveloper', 'EKS', 'ECR', 'EC2', 'AMI']"
EW4X5z7m-0U,data_ingestion,Edge,"['Lambda', 'ThirdParty', 'Kinesis', 'PrivateLink', 'ELB', 'CloudFront', 'UserConsumerWeb', 'EC2', 'DynamoDB']"
WS2Qgx0qgCM,control,None,"['IAM', 'STS', 'EC2', 'OpenSearch', 'CloudTrail']"
_vjB_vF4Uec,interactive,Edge,"['Lambda', 'UserConsumerEdge', 'ELB', 'Route53', 'EC2', 'DynamoDB']"
tVjrkpjWG5o,data_ingestion,Edge,"['EMR', 'ThirdParty', 'S3', 'UserConsumerAPI', 'EC2', 'RDS']"
tVjrkpjWG5o,compute_intensive,Edge,"['EMR', 'ThirdParty', 'S3', 'UserConsumerAPI', 'EC2', 'RDS']"
mmM_JnYygZM,interactive,Edge,"['ThirdParty', 'UserConsumerPOS', 'CloudWatch', 'S3', 'ECS', 'UserConsumerWeb', 'UserCompanyDataStream', 'ApiGateway']"
mZxF1IJEsaY,data_ingestion,None,"['ECS', 'ALB', 'Route53', 'Aurora', 'AmazonMQ', 'DMS']"
FfSNnH2bbNc,data_ingestion,None,"['Lambda', 'UserConsumerSatellite', 'S3', 'Fargate', 'UserConsumerWeb', 'EC2', 'ElastiCache', 'RDS']"
FfSNnH2bbNc,interactive,None,"['Lambda', 'UserConsumerSatellite', 'S3', 'Fargate', 'UserConsumerWeb', 'EC2', 'ElastiCache', 'RDS']"
r3g1Nym-ebY,other,None,"['IAM', 'Fargate', 'AWSConfig', 'Inspector', 'Organizations', 'EC2', 'CloudTrail']"
i10a06IU4WQ,control,None,"['ThirdParty', 'S3', 'UserCompanyAgent', 'STS', 'EC2']"
q_5U7z_vNug,data_ingestion,Edge,"['Lambda', 'EMR', 'MSK', 'ThirdParty', 'S3', 'UserConsumerEdge', 'UserCompanyAnalyst', 'EC2']"
yXpd8gPfows,compute_intensive,None,"['Lambda', 'SageMakerGroundTruth', 'ThirdParty', 'S3', 'Textract', 'Comprehend', 'SageMaker', 'DynamoDB']"
o_zqbpuhyIY,control,None,"['Kinesis', 'UserConsumerAPI']"
aY-wF9g0qkM,interactive,Edge,"['Lambda', 'ThirdParty', 'S3', 'UserConsumerEdge', 'TransferFamily', 'Rekognition', 'UserConsumerWeb']"
Wur1GWB03hk,interactive,Edge,"['Lambda', 'S3', 'RDS', 'AlexaForBusiness', 'UserConsumerMobile', 'DynamoDB']"
PoYiSKUy8sE,data_ingestion,Edge,"['Lambda', 'StepFunctions', 'Kinesis', 'S3', 'UserConsumerAPI', 'ECS', 'UserConsumerEdge', 'SQS', 'DynamoDB']"
PoYiSKUy8sE,interactive,Edge,"['Lambda', 'StepFunctions', 'Kinesis', 'S3', 'UserConsumerAPI', 'ECS', 'UserConsumerEdge', 'SQS', 'DynamoDB']"
N2mktbl8EQk,compute_intensive,Edge,"['Kinesis', 'CloudWatch', 'S3', 'RoboMaker', 'UserConsumerWeb', 'SageMaker']"
Gds8hl8dKuo,control,None,"['S3', 'UserCompanyAgent', 'KMS', 'SQS', 'EC2', 'SNS', 'DynamoDB']"
1xLjtJnfZes,interactive,None,"['ShieldAdvanced', 'ThirdParty', 'WAF', 'UserConsumerAPI', 'ELB', 'AutoScaling', 'EKS', 'UserCompanyDataStream']"
53sUjFv9ByI,data_ingestion,HPC,"['ThirdParty', 'FSX', 'EKS', 'ECR', 'UserCompanyDataStream', 'EC2']"
OQKOHNtyz3E,interactive,None,"['Lambda', 'ThirdParty', 'Lex', 'UserCompanyAgent', 'UserCompanyDeveloper', 'Connect', 'UserConsumerMobile', 'DevTools', 'DynamoDB']"
hFx0EF9KEZU,data_ingestion,None,"['Lambda', 'ThirdParty', 'S3', 'RDS', 'UserConsumerWebMobile', 'Firehose', 'EKS', 'Athena', 'DynamoDB']"
hFx0EF9KEZU,compute_intensive,None,"['Lambda', 'ThirdParty', 'S3', 'RDS', 'UserConsumerWebMobile', 'Firehose', 'EKS', 'Athena', 'DynamoDB']"
hFx0EF9KEZU,interactive,None,"['Lambda', 'ThirdParty', 'S3', 'RDS', 'UserConsumerWebMobile', 'Firehose', 'EKS', 'Athena', 'DynamoDB']"
vp8oPiHN4cA,data_ingestion,None,"['Lambda', 'Kinesis', 'S3', 'DynamoDB', 'Neptune', 'UserConsumerWeb', 'OpenSearch', 'SageMaker', 'ApiGateway', 'StepFunctions']"
vp8oPiHN4cA,interactive,None,"['Lambda', 'Kinesis', 'S3', 'DynamoDB', 'Neptune', 'UserConsumerWeb', 'OpenSearch', 'SageMaker', 'ApiGateway', 'StepFunctions']"
M_hqigB9C4I,data_ingestion,None,"['EMR', 'ThirdParty', 'RedShift', 'S3', 'Connect', 'Aurora', 'UserConsumerWeb', 'UserCompanyDataStream']"
M_hqigB9C4I,compute_intensive,None,"['EMR', 'ThirdParty', 'RedShift', 'S3', 'Connect', 'Aurora', 'UserConsumerWeb', 'UserCompanyDataStream']"
3WgTBTDlQN8,data_ingestion,None,"['Lambda', 'UserCompanyAPI', 'EMR', 'RedShift', 'CloudWatch', 'S3', 'UserConsumerMobile', 'EC2', 'ApiGateway']"
3WgTBTDlQN8,interactive,None,"['Lambda', 'UserCompanyAPI', 'EMR', 'RedShift', 'CloudWatch', 'S3', 'UserConsumerMobile', 'EC2', 'ApiGateway']"
ameanoaMldM,other,Edge,"['Lambda', 'CloudFormation', 'CodePipeline', 'S3', 'Route53', 'CloudFront', 'ApiGateway']"
c-1GXhOOOww,interactive,None,"['Lambda', 'ThirdParty', 'S3', 'UserConsumerAPI', 'AppSync', 'SQS', 'UserConsumerMobile', 'ApiGateway', 'DynamoDB']"
mq3XuoN0rUM,compute_intensive,None,"['ThirdParty', 'VPCPeering', 'S3', 'UserCompanyDeveloper', 'Polly', 'Comprehend', 'Transcribe', 'EC2', 'RDS']"
ZCj2wuKBBu4,data_ingestion,None,"['Lambda', 'ThirdParty', 'Neptune', 'ELB', 'UserConsumerMobile', 'EC2', 'SNS', 'ApiGateway']"
A4Lfk1Zz1dE,control,None,"['CloudFormation', 'IAM', 'EKS', 'Aurora', 'EC2', 'SageMaker']"
nflGdpwbf54,compute_intensive,None,"['Lambda', 'S3', 'ECS', 'Fargate', 'AmazonMQ', 'UserConsumerWeb', 'ApiGateway', 'RDS']"
KgRib8AM0fs,compute_intensive,Edge,"['Lambda', 'CloudWatch', 'S3', 'UserConsumerEdge', 'SQS', 'UserConsumerWebMobile', 'EC2']"
d0EE1HuZSEU,control,Edge,"['Lambda', 'ShieldAdvanced', 'ThirdParty', 'VPC', 'VPCPeering', 'WAF', 'S3', 'ELB', 'Route53', 'CloudFront', 'DirectConnect', 'EC2', 'DynamoDB']"
iwDNnyiD26M,interactive,None,"['Lambda', 'ThirdParty', 'Cognito', 'S3', 'AppSync', 'UserConsumerWeb', 'SNS', 'DynamoDB']"
amh7nzl32v4,interactive,None,"['Lambda', 'ThirdParty', 'UserConsumerMobile', 'SecretsManager', 'ApiGateway', 'DynamoDB']"
DxHO2TWVN8I,data_ingestion,Edge,"['Lambda', 'S3', 'ECS', 'Firehose', 'CloudFront', 'UserCompanyAnalyst', 'UserConsumerWeb', 'Shield', 'ApiGateway', 'DynamoDB']"
-S-R7MWRpaI,data_ingestion,Edge,"['ThirdParty', 'Kinesis', 'S3', 'Firehose', 'EKS', 'UserConsumerMobile', 'DynamoDB']"
-S-R7MWRpaI,interactive,Edge,"['ThirdParty', 'Kinesis', 'S3', 'Firehose', 'EKS', 'UserConsumerMobile', 'DynamoDB']"
INog0_9tCtY,data_ingestion,None,"['EMR', 'ThirdParty', 'VPC', 'S3', 'Athena', 'UserCompanyAnalyst', 'EC2', 'OpenSearch', 'SageMaker', 'CloudTrail']"
lkDq9g43djw,data_ingestion,None,"['NLB', 'Route53', 'EKS', 'Aurora', 'EC2']"
LD5ksgnu8r8,compute_intensive,None,"['Lambda', 'UserConsumerAPI', 'S3', 'ECS', 'Textract', 'Comprehend', 'UserConsumerWeb', 'UserCompanyDataStream', 'ApiGateway', 'DynamoDB']"
lHM96P5kP2k,data_ingestion,None,"['EMR', 'ThirdParty', 'EKS', 'S3']"
bxvZBfbyhiA,compute_intensive,HPC,"['Lambda', 'CloudWatch', 'S3', 'UserConsumerDeveloper', 'EKS', 'EC2', 'SNS', 'DynamoDB']"
uMX94Mn9u-4,control,None,"['Lambda', 'Detective', 'Kinesis', 'CloudWatch', 'WAF', 'SecurityHub', 'GuardDuty', 'SystemsManager', 'OpenSearch']"
YV8e36ZywLk,other,None,"['Lambda', 'ThirdParty', 'S3', 'KinesisDataStream', 'SNS']"
ZA_0RMeeWpY,compute_intensive,None,"['Lambda', 'ThirdParty', 'GuardDuty', 'SNS']"
j9OZ-7aCAyA,data_ingestion,None,"['Lambda', 'ThirdParty', 'StepFunctions', 'Glue', 'S3', 'Neptune', 'SQS', 'UserCompanyDataStream', 'DynamoDB']"
GxjMSvwcgvw,interactive,None,"['UserCompanyAPI', 'UserConsumerAPI', 'ELB', 'EC2', 'ElastiCache', 'RDS']"
-3lnf5lzsH0,data_ingestion,None,"['EMR', 'ThirdParty', 'WAF', 'S3', 'OnPremDC', 'SQS', 'GuardDuty', 'Athena', 'UserCompanyAnalyst', 'EC2', 'SNS', 'CloudTrail']"
Ccutfm_Srzw,interactive,None,"['Lambda', 'ThirdParty', 'Kinesis', 'KinesisDataStream', 'DocumentDB', 'UserConsumerMobile', 'ElastiCache']"
jg85DzUZ9Ac,data_ingestion,None,"['Lambda', 'RedShift', 'DMS', 'S3', 'SQS', 'UserCompanyDataStream', 'VPN', 'DynamoDB']"
acm-HWJhEOA,data_ingestion,None,"['EMR', 'S3', 'UserCompanyDataStream', 'Neptune', 'SQS', 'BeanStalk', 'UserCompanyAPI', 'RDS']"
DnTQ3matqts,data_ingestion,Edge,"['Lambda', 'IoTCore', 'Cognito', 'Greengrass', 'UserConsumerEdge', 'Timestream', 'SQS', 'UserConsumerMobile', 'ApiGateway']"
DnTQ3matqts,interactive,Edge,"['Lambda', 'IoTCore', 'Cognito', 'Greengrass', 'UserConsumerEdge', 'Timestream', 'SQS', 'UserConsumerMobile', 'ApiGateway']"
vdujJAab1LM,data_ingestion,Edge,"['Lambda', 'Glue', 'S3', 'Firehose', 'LambdaAtEdge', 'CloudFront', 'UserConsumerMobile', 'Athena', 'KinesisAnalytics']"
bikXzsVihF4,other,None,"['CloudFormation', 'ThirdParty', 'StepFunctions', 'IAM', 'EventBridge', 'CloudTrail', 'QuickSight']"
8TExnSvZqt0,other,None,"['RedShift', 'CloudWatch', 'S3', 'ECS', 'AWSConfig', 'KMS', 'SecurityHub', 'GuardDuty', 'AMI', 'CloudTrail', 'RDS']"
k7h0jpLcWdE,interactive,None,"['Lambda', 'S3', 'ECS', 'SQS', 'UserConsumerWeb', 'SNS', 'ApiGateway', 'DynamoDB']"
H51Ups01ZpU,interactive,Edge,"['Lambda', 'IoT1Click', 'UserConsumerIOT', 'SES', 'SNS', 'DynamoDB']"
O11BgSm7V14,data_ingestion,None,"['Lambda', 'EventBridge', 'ECS', 'SQS', 'Aurora', 'UserConsumerWeb', 'SNS', 'SageMaker']"
rPGLNw1cOGM,interactive,Edge+HPC,"['Lambda', 'UserCompanyAnalyst', 'Aurora', 'CloudFront', 'UserConsumerWeb', 'DynamoDB']"
illMCyp4O9A,data_ingestion,Edge,"['UserCompanyAPI', 'ThirdParty', 'Kinesis', 'RedShift', 'S3', 'UserConsumerEdge', 'SQS', 'BeanStalk', 'EC2', 'DynamoDB']"
9LhiUsg3knw,data_ingestion,None,"['Lambda', 'UserConsumerArtist', 'RedShift', 'CouchBase', 'Fargate', 'AppSync', 'UserCompanyDomainExpert', 'Aurora', 'UserConsumerMobile', 'EC2', 'DynamoDB']"
9LhiUsg3knw,compute_intensive,None,"['Lambda', 'UserConsumerArtist', 'RedShift', 'CouchBase', 'Fargate', 'AppSync', 'UserCompanyDomainExpert', 'Aurora', 'UserConsumerMobile', 'EC2', 'DynamoDB']"
m8CBJEyHKIM,compute_intensive,None,"['Lambda', 'CloudWatch', 'NLB', 'AutoScaling', 'UserConsumerMobile', 'EC2']"
lA0lAgN0hTI,interactive,None,"['UserConsumerWeb', 'EC2', 'ThirdParty', 'RDS']"
JG5p-i8Cr2E,control,None,"['EMR', 'IAM', 'Glue', 'S3', 'SQS', 'UserCompanyDeveloper', 'SES', 'EKS', 'EC2', 'RDS']"
zhCNn7v7mvs,interactive,None,"['NLB', 'S3', 'UserConsumerAPI', 'Firehose', 'Aurora', 'EC2', 'ElastiCache']"
S-JSSZZaa94,interactive,None,"['ThirdParty', 'NLB', 'CloudWatch', 'XRay', 'EKS', 'UserConsumerMobile', 'ApiGateway']"
zmJ7rL1iQBY,control,None,['EKS']
AzM_d7ZvzUE,data_ingestion,None,"['Lambda', 'Kinesis', 'Glue', 'S3', 'Firehose', 'Aurora', 'Athena', 'DynamoDB']"
c6yBZBMwtLk,data_ingestion,Edge,"['S3', 'MediaPackage', 'DynamoDB', 'MAM', 'MediaConvert', 'ElementalLive', 'UserCompanyElementalLiveDevice', 'ApiGateway', 'StepFunctions']"
c6yBZBMwtLk,compute_intensive,Edge,"['S3', 'MediaPackage', 'DynamoDB', 'MAM', 'MediaConvert', 'ElementalLive', 'UserCompanyElementalLiveDevice', 'ApiGateway', 'StepFunctions']"
vp2Ipv2_uCg,data_ingestion,Edge,"['Lambda', 'Kinesis', 'S3', 'Lex', 'UserConsumerAlexaGoogleHome', 'Polly', 'Athena', 'OpenSearch', 'ApiGateway']"
QJZHs1CSxu0,compute_intensive,None,"['Lambda', 'S3', 'SQS', 'EKS', 'UserConsumerMobile', 'DynamoDB']"
IP03SkGbP-U,interactive,None,"['ECS', 'ALB', 'DynamoDB', 'Route53', 'ECR', 'UserConsumerWeb', 'EC2', 'RDS']"
_EPfIJnBCoM,interactive,None,"['ThirdParty', 'S3', 'ELB', 'UserConsumerMobile', 'EC2']"
kHPGZOpbnok,data_ingestion,None,"['Lambda', 'Kinesis', 'RedShift', 'S3', 'Firehose', 'Athena', 'UserConsumerWeb', 'RDS']"
zqiNLMmEeSo,interactive,None,"['Lambda', 'MediaPackage', 'Fargate', 'Rekognition', 'Translate', 'MediaConvert', 'Transcribe', 'MediaLive', 'ApiGateway', 'StepFunctions']"
TTlyNWh0gjM,control,None,"['ThirdParty', 'UserConsumerAPI', 'ALB', 'SQS', 'Route53', 'UserConsumerWeb', 'EC2']"
fOgb0Es-lVs,control,Edge,"['Lambda', 'S3', 'UserConsumerTV', 'UserCompanyDataStream', 'EC2']"
-ahWdCysMYw,interactive,None,"['ThirdParty', 'ControlTower', 'TransitGateway', 'EKS', 'Aurora', 'UserCompanyAnalyst', 'VPN', 'QuickSight']"
Fd2c7NDYfpo,control,None,"['Lambda', 'CloudFormation', 'ThirdParty', 'SQS', 'UserCompanyDeveloper', 'Organizations', 'ApiGateway']"
dy-drIboyNA,data_ingestion,None,"['Lambda', 'EMR', 'Kinesis', 'S3', 'UserConsumerAPI', 'Athena', 'OpenSearch', 'ApiGateway', 'DynamoDB']"
dy-drIboyNA,interactive,None,"['Lambda', 'EMR', 'Kinesis', 'S3', 'UserConsumerAPI', 'Athena', 'OpenSearch', 'ApiGateway', 'DynamoDB']"
lcLw-Le_tXQ,compute_intensive,None,"['EC2', 'EKS', 'S3', 'UserConsumerAPI']"
unF9tdYjqvU,other,None,"['Lambda', 'TransitGateway', 'Route53', 'EKS', 'UserConsumerWeb', 'ApiGateway', 'DynamoDB']"
BPvr0qWpJlA,interactive,None,"['Lambda', 'UserCompanyCRM', 'UserCompanyAgent', 'ECS', 'RDS', 'Connect', 'UserConsumerMobile', 'UserCompanyDataStream', 'DynamoDB']"
Ujs9o3CXUTU,other,None,"['ServiceCatalog', 'EMR', 'Glue', 'S3', 'ControlTower', 'ECS', 'ElastiCache', 'DynamoDB']"
XUCGMzLx8wY,data_ingestion,None,"['Lambda', 'MSK', 'S3', 'ECS', 'ECR', 'UserConsumerMobile', 'EC2', 'SageMaker']"
9JwZKseE9lc,control,None,"['Kinesis', 'UserConsumerAPI']"
K27WjYwyqw8,interactive,None,"['Lambda', 'S3', 'SQS', 'UserConsumerMobile', 'SageMaker', 'ApiGateway', 'DynamoDB']"
pwxhclKcMas,data_ingestion,None,"['Lambda', 'EMR', 'Kinesis', 'Glue', 'S3', 'Athena', 'UserCompanyAPI']"
pwxhclKcMas,compute_intensive,None,"['Lambda', 'EMR', 'Kinesis', 'Glue', 'S3', 'Athena', 'UserCompanyAPI']"
mT4KDGRgo4k,control,None,"['Lambda', 'NLB', 'EC2', 'ElastiCache', 'RDS']"
JVcKidzqpYY,data_ingestion,None,"['Lambda', 'RedShift', 'Glue', 'S3', 'UserConsumerMobile', 'UserCompanyDataStream', 'SageMaker', 'ApiGateway', 'DynamoDB']"
JVcKidzqpYY,interactive,None,"['Lambda', 'RedShift', 'Glue', 'S3', 'UserConsumerMobile', 'UserCompanyDataStream', 'SageMaker', 'ApiGateway', 'DynamoDB']"
T048vs9p1h4,compute_intensive,None,"['Lambda', 'S3', 'UserConsumerAPI', 'SQS', 'EFS', 'OpenSearch', 'SNS', 'DynamoDB']"
6CgqEzyWpeA,compute_intensive,Edge+HPC,"['Lambda', 'CloudWatch', 'S3', 'SQS', 'UserConsumerWebMobile', 'CloudFront', 'EC2', 'ApiGateway', 'StepFunctions']"
6CgqEzyWpeA,interactive,Edge+HPC,"['Lambda', 'CloudWatch', 'S3', 'SQS', 'UserConsumerWebMobile', 'CloudFront', 'EC2', 'ApiGateway', 'StepFunctions']"
Felt-hOU6kU,control,None,"['ALB', 'SQS', 'UserCompanyDeveloper', 'RAM', 'EKS', 'RDS']"
YosezjoL4MU,control,None,"['CodeCommit', 'CloudFormation', 'CodePipeline', 'RedShift', 'DMS', 'Glue', 'S3', 'CodeBuild', 'Athena', 'UserCompanyAnalyst', 'EC2', 'RDS']"
i4ueYgjVDCw,interactive,Edge,"['MSK', 'WAF', 'ALB', 'UserCompanyDeveloper', 'EKS', 'CloudFront', 'UserConsumerMobile', 'EC2', 'ElastiCache', 'RDS']"
i4ueYgjVDCw,control,Edge,"['MSK', 'WAF', 'ALB', 'UserCompanyDeveloper', 'EKS', 'CloudFront', 'UserConsumerMobile', 'EC2', 'ElastiCache', 'RDS']"
2e3vOxsHekE,data_ingestion,Edge,"['S3', 'ECS', 'UserConsumerEdge', 'UserCompanyAnalyst', 'SageMaker', 'ApiGateway']"
o6DZRwe30Ls,data_ingestion,None,"['ThirdParty', 'Kinesis', 'EC2', 'OpenSearch', 'QLDB']"
S85DeDgWQSc,data_ingestion,Edge,"['Lambda', 'S3', 'UserCompanyDrone', 'Rekognition', 'LookoutForVision', 'UserCompanyAnalyst', 'Aurora', 'Athena', 'UserConsumerMobile', 'ApiGateway', 'StepFunctions']"
WxMBuBBIwpI,data_ingestion,None,"['Lambda', 'S3', 'ECS', 'EBS', 'ELB', 'EC2']"
CsD5bmM6mpY,control,None,"['Lambda', 'CloudWatch', 'SAP', 'SystemsManager', 'EC2', 'SNS']"
fTxvwVj02P0,data_ingestion,None,"['ThirdParty', 'Glue', 'S3', 'Firehose', 'EKS', 'Athena', 'UserConsumerWeb']"
fTxvwVj02P0,interactive,None,"['ThirdParty', 'Glue', 'S3', 'Firehose', 'EKS', 'Athena', 'UserConsumerWeb']"
iWK0iRUi-b4,interactive,None,"['Lambda', 'CodePipeline', 'StepFunctions', 'S3', 'EventBridge', 'UserConsumerWeb', 'ApiGateway', 'DynamoDB']"
NfUwtK8ALtw,compute_intensive,Edge,"['ThirdParty', 'S3', 'SQS', 'CloudFront', 'UserConsumerWeb', 'EC2', 'ElastiCache']"
Wk9mCHyjtBU,compute_intensive,HPC,"['Lambda', 'ThirdParty', 'S3', 'KMS', 'Batch', 'UserConsumerWeb', 'EC2', 'DynamoDB']"
Wk9mCHyjtBU,interactive,HPC,"['Lambda', 'ThirdParty', 'S3', 'KMS', 'Batch', 'UserConsumerWeb', 'EC2', 'DynamoDB']"
aOY6YCpcjz8,compute_intensive,None,"['UserCompanyAPI', 'EC2', 'ThirdParty', 'SQS']"
ccPhkyPm_3w,data_ingestion,None,"['EMR', 'MSK', 'S3', 'EKS', 'UserCompanyDataStream', 'OpenSearch']"
GJ1So_pbZWk,data_ingestion,None,"['Lambda', 'RedShift', 'Glue', 'S3', 'EFS', 'UserConsumerWeb', 'SageMaker', 'DynamoDB']"
RCWl0rf8lpE,compute_intensive,None,"['EC2', 'SQS', 'ECR', 'S3']"
ec6j-MaOSUc,data_ingestion,None,"['Lambda', 'ThirdParty', 'StepFunctions', 'Glue', 'S3', 'UserCompanyDeveloper', 'Aurora', 'UserCompanyAnalyst', 'LakeFormation', 'ApiGateway', 'DMS']"
mxKhbU_ToMs,compute_intensive,None,"['Lambda', 'ThirdParty', 'SQS', 'UserCompanyDeveloper', 'UserConsumerWeb', 'EC2', 'SNS']"
YrEc8oMIxDs,data_ingestion,None,"['ThirdParty', 'CloudWatch', 'SecurityHub', 'Inspector', 'GuardDuty', 'StepFunctions']"
DrkaU99l9S8,data_ingestion,Edge,"['Lambda', 'ThirdParty', 'Kinesis', 'S3', 'UserConsumerEdge', 'UserConsumerWeb', 'IoTAnalytics', 'SageMaker', 'IoTCore', 'QuickSight']"
CTG23wd9H74,interactive,HPC,"['StepFunctions', 'S3', 'ECS', 'CloudFront', 'UserCompanyAnalyst', 'EC2', 'ApiGateway', 'DynamoDB']"
wE3TmHxyRdA,control,None,"['Lambda', 'S3', 'SQS', 'ApiGateway', 'RDS']"
c863uNkF0w4,data_ingestion,Edge,"['CloudFormation', 'Kinesis', 'S3', 'UserConsumerAPI', 'ECS', 'UserConsumerEdge', 'SystemsManager', 'EC2', 'ApiGateway']"
H2fOkeXxpyw,control,None,"['Lambda', 'SQS', 'UserCompanyDeveloper', 'UserConsumerWeb', 'EC2', 'DynamoDB']"
uQFtb0iMC_s,data_ingestion,None,"['Lambda', 'S3', 'Rekognition', 'Comprehend', 'MediaConvert', 'Transcribe', 'OpenSearch', 'StepFunctions']"
BlCXEMp_lqY,data_ingestion,Edge,"['Kinesis', 'RedShift', 'S3', 'UserConsumerTV', 'Firehose', 'QuickSight']"
G07keU4g-LU,data_ingestion,Edge,"['EMR', 'UserConsumerPOS', 'ThirdParty', 'RedShift', 'S3', 'UserCompanyAnalyst', 'UserConsumerMobile', 'Athena', 'DMS']"
1aYoIZvabbk,control,None,"['ALB', 'SQS', 'UserCompanyDeveloper', 'Route53', 'EKS', 'SNS']"
jV8DwutbXbg,data_ingestion,None,"['Lambda', 'Kinesis', 'SQS', 'RDS']"
uWUAcc68MWI,data_ingestion,Edge,"['Lambda', 'IoTCore', 'S3', 'Cognito', 'Firehose', 'CloudFront', 'UserConsumerWeb', 'KinesisAnalytics', 'DynamoDB']"
qIO_54vJ_JI,data_ingestion,None,"['S3', 'UserCompanyAgent', 'Fargate', 'SQS', 'UserConsumerMobile', 'EC2']"
xKaPAihW_gE,compute_intensive,None,"['VPC', 'ALB', 'SQS', 'EKS', 'UserConsumerMobile', 'Aurora', 'ElastiCache']"
gpWR5JBC64A,data_ingestion,None,"['Lambda', 'Kinesis', 'S3', 'UserCompanyAgent', 'QuickSight', 'AppSync', 'UserConsumerMobile', 'DynamoDB']"
gpWR5JBC64A,interactive,None,"['Lambda', 'Kinesis', 'S3', 'UserCompanyAgent', 'QuickSight', 'AppSync', 'UserConsumerMobile', 'DynamoDB']"
N0NBhnxez00,control,None,"['Kinesis', 'UserConsumerAPI']"
ooVtAAoSH2k,data_ingestion,None,"['S3', 'SQS', 'UserCompanyDeveloper', 'EC2', 'SNS', 'CloudTrail']"
CE03UMddoYU,data_ingestion,Edge,"['Lambda', 'UserConsumerEdge', 'SQS', 'Aurora', 'EC2', 'ElastiCache', 'ApiGateway', 'DynamoDB']"
Jkx6kVbDpL4,data_ingestion,None,"['Lambda', 'EMR', 'S3', 'SQS', 'UserCompanyAnalyst', 'UserCompanyDataStream', 'RDS']"
bqZWYmRAka0,compute_intensive,None,"['ThirdParty', 'UserConsumerAPI', 'ECS', 'ALB', 'ElastiCache']"
9-6hQdFeolc,interactive,None,"['UserCompanyCRM', 'NLB', 'EBS', 'UserCompanyDeveloper', 'EKS', 'ECR', 'EC2']"
9-6hQdFeolc,control,None,"['UserCompanyCRM', 'NLB', 'EBS', 'UserCompanyDeveloper', 'EKS', 'ECR', 'EC2']"
9-a9Y5THTYo,control,None,"['ControlTower', 'DynamoDB', 'SES', 'UserConsumerWeb', 'ApiGateway', 'StepFunctions']"
K5ww_O4vsxo,control,None,"['DirectConnect', 'VPC', 'TransitGateway', 'ThirdParty']"
f5EJBUfGZtw,data_ingestion,None,"['Lambda', 'ThirdParty', 'Glue', 'S3', 'UserConsumerAPI', 'ECS', 'SQS', 'Aurora', 'EC2']"
pCZ0bxgBL5c,interactive,None,"['Lambda', 'S3', 'UserConsumerWeb', 'ApiGateway', 'RDS']"
KiH7hVJKzns,interactive,None,"['MSK', 'UserConsumerWebMobile', 'ELB', 'EKS', 'Aurora', 'OpenSearch', 'ElastiCache', 'ApiGateway']"
4-teOQ_dJvY,data_ingestion,Edge,"['Lambda', 'Kinesis', 'KinesisAnalytics', 'UserCompanyAPI', 'UserCompanyEdge', 'ApiGateway', 'DynamoDB']"
rHLuQTO6eoo,data_ingestion,None,"['ThirdParty', 'S3', 'ELB', 'EKS', 'UserCompanyAnalyst', 'UserConsumerMobile', 'Athena', 'DynamoDB']"
D77FSUkPJ3o,interactive,None,"['Lambda', 'ThirdParty', 'S3', 'ECS', 'ELB', 'UserConsumerWeb', 'DynamoDB']"
DAJZAygxDZA,control,None,"['ThirdParty', 'UserCompanyDeveloper', 'UserCompanyAnalyst', 'UserConsumerMobile', 'ModelRegistry', 'SageMaker']"
KQ6Fg206O9U,data_ingestion,Edge,"['Lambda', 'WAF', 'S3', 'Firehose', 'LambdaAtEdge', 'CloudFront', 'Athena', 'UserConsumerWeb', 'EC2', 'QuickSight']"
XGVWdSnml6A,compute_intensive,Edge+HPC,"['ServiceCatalog', 'CloudFormation', 'ThirdParty', 'FSX', 'UserConsumerAPI', 'S3', 'UserConsumerEdge']"
OrC9cLYMbas,control,None,"['ThirdParty', 'S3', 'Fargate', 'EC2', 'RDS']"
9qTEHITVeLE,data_ingestion,None,"['EMR', 'ThirdParty', 'MSK', 'S3', 'EKS', 'UserConsumerWeb', 'RDS']"
9qTEHITVeLE,interactive,None,"['EMR', 'ThirdParty', 'MSK', 'S3', 'EKS', 'UserConsumerWeb', 'RDS']"
-wLEkq21cvA,control,None,"['ThirdParty', 'AppDiscovery', 'UserCompanyAgent', 'EC2', 'DynamoDB']"
az-C2c33trQ,data_ingestion,None,"['ThirdParty', 'RedShift', 'S3', 'EKS', 'UserConsumerWeb', 'RDS']"
ruOhUEooJH0,other,Edge,"['S3', 'UserCompanyDataStream', 'Fargate', 'ELB', 'UserConsumerDeveloper', 'Aurora', 'CloudFront', 'DirectConnect', 'UserConsumerWeb', 'ElastiCache', 'SageMaker']"
l0hlxVNmJPI,data_ingestion,Edge,"['Lambda', 'IAM', 'Cognito', 'S3', 'UserConsumerEdge', 'RDS', 'AutoScaling', 'UserConsumerMobile', 'EC2', 'SNS', 'IoTCore', 'DynamoDB']"
FftalZUxyiM,data_ingestion,None,"['Lambda', 'StepFunctions', 'S3', 'Neptune', 'UserConsumerWeb', 'ApiGateway', 'DynamoDB']"
JcHSFIZMYHc,control,None,"['Lambda', 'CloudFormation', 'ThirdParty', 'CodePipeline', 'S3', 'CodeBuild', 'ApiGateway']"
mpgM2qeAfaQ,compute_intensive,Edge,"['Lambda', 'Kinesis', 'UserConsumerIOT', 'UserConsumerWebMobile', 'Rekognition', 'KinesisVideo', 'UserCompanyAnalyst', 'ApiGateway']"
unFVfqj9cQ8,data_ingestion,None,"['Lambda', 'CodePipeline', 'EventBridge', 'ControlTower', 'Timestream', 'Grafana', 'SystemsManager', 'DynamoDB']"
UsngU-HjH_Q,control,None,"['Lambda', 'ThirdParty', 'S3', 'UserConsumerAPI', 'SQS', 'UserCompanyDataStream', 'EC2', 'ApiGateway', 'DynamoDB']"
qN5-v4NlKac,data_ingestion,None,"['Lambda', 'ThirdParty', 'S3', 'Firehose', 'Athena', 'EC2', 'CloudTrail']"
ItpY_KKR94k,data_ingestion,None,"['Lambda', 'UserCompanyCRM', 'MSK', 'S3', 'Fargate', 'EC2', 'OpenSearch']"
RU__HBEMDvQ,data_ingestion,None,"['EMR', 'RedShift', 'StepFunctions', 'Glue', 'S3', 'UserCompanyAnalyst', 'UserCompanyDataStream', 'SageMaker', 'QuickSight']"
XmIhHtPJWog,interactive,None,"['Lambda', 'EventBridge', 'UserCompanyAgent', 'Fargate', 'AWSConfig', 'UserCompanyDeveloper', 'SecurityHub', 'GuardDuty', 'ServiceNow', 'AccessAnalyzer']"
cZuoiXQ0xUk,compute_intensive,None,"['Lambda', 'ThirdParty', 'S3', 'UserCompanyAgent', 'MediaConvert', 'SageMaker', 'DynamoDB']"
Vrx9csoawWc,data_ingestion,None,"['EMR', 'ThirdParty', 'RedShift', 'S3', 'ECS', 'UserConsumerWeb']"
D6rG9eZ5Qus,interactive,Edge,"['ThirdParty', 'S3', 'MediaPackage', 'Rekognition', 'MediaStore', 'CloudFront', 'Transcribe', 'UserCompanyDataStream', 'MediaLive']"
KywvGM6HVXI,data_ingestion,None,"['Lambda', 'Kinesis', 'ALB', 'SQS', 'UserCompanyDeveloper', 'UserConsumerWeb', 'EC2', 'ApiGateway', 'DynamoDB']"
j-lPgPGBTwQ,data_ingestion,Edge,"['Lambda', 'ThirdParty', 'S3', 'KinesisDataStream', 'Fargate', 'KinesisAnalytics', 'UserConsumerFarmer', 'Athena', 'EC2', 'IoTCore']"
plce6pRdx6o,other,None,"['ECS', 'SQS', 'ELB', 'EC2', 'ElastiCache', 'SNS', 'RDS']"
ErXwuwF2mRU,data_ingestion,None,"['Lambda', 'Pinpoint', 'S3', 'Amplify', 'ECS', 'Cognito', 'UserConsumerWeb', 'EC2', 'ApiGateway']"
OuQvFd44vw4,compute_intensive,None,"['Lambda', 'ThirdParty', 'SecretsManager', 'S3', 'ECS', 'ECR', 'UserCompanyAPI', 'SageMaker']"
OuQvFd44vw4,interactive,None,"['Lambda', 'ThirdParty', 'SecretsManager', 'S3', 'ECS', 'ECR', 'UserCompanyAPI', 'SageMaker']"
u5AT15mgbHk,interactive,None,"['EC2', 'ALB', 'GlobalAccelerator', 'S3']"
wbh51O3QrE4,data_ingestion,Edge,"['Lambda', 'Kinesis', 'Glue', 'S3', 'UserConsumerEdge', 'ALB', 'Athena', 'UserConsumerMobile', 'EC2', 'SNS']"
sKksbPPDznM,interactive,Edge,"['ShieldAdvanced', 'WAF', 'S3', 'LambdaAtEdge', 'CloudFront', 'UserConsumerMobile']"
pk5yddJpC_8,data_ingestion,None,"['Lambda', 'ThirdParty', 'Fargate', 'UserCompanyDeveloper', 'EC2', 'OpenSearch']"
yPJf85tjv6M,data_ingestion,None,"['Lambda', 'ThirdParty', 'RedShift', 'Glue', 'S3', 'ALB', 'Firehose', 'Athena', 'UserConsumerWeb']"
cmlhEbm1kPk,compute_intensive,None,"['Lambda', 'S3', 'Lex', 'Polly', 'Translate', 'MediaConnect', 'Transcribe', 'DynamoDB']"
r2xfxJ-sXMY,data_ingestion,None,"['Lambda', 'ThirdParty', 'Kinesis', 'Glue', 'S3', 'UserConsumerWebMobile', 'Athena', 'EC2', 'OpenSearch']"
dWCQw_KvlYQ,data_ingestion,Edge,"['Lambda', 'ApiGateway', 'ThirdParty', 'StepFunctions', 'ECS', 'Fargate', 'UserConsumerTV', 'Rekognition', 'UserConsumerMobile', 'SNS', 'KinesisAnalytics', 'DynamoDB']"
tBavPTWewvI,interactive,None,"['MSK', 'UserConsumerWebMobile', 'ELB', 'EKS', 'UserCompanyAnalyst', 'RDS']"
hEB1J9-iOqs,control,None,"['Lambda', 'CloudFormation', 'CodePipeline', 'CodeDeploy', 'CodeBuild', 'UserCompanyAPI', 'ApiGateway']"
37T7Nd8pL-c,control,None,"['Lambda', 'S3', 'UserConsumerAPI', 'EventBridge', 'Textract', 'SageMaker', 'StepFunctions']"
E68ufJOduio,other,None,"['S3', 'TransitGateway', 'PrivateLink', 'KMS', 'EKS', 'Aurora', 'UserConsumerWeb', 'EC2', 'OpenSearch']"
l3f29v3IJGA,interactive,None,"['WAF', 'ALB', 'ECR', 'EC2', 'ElastiCache', 'ApiGateway', 'RDS']"
FqCs3BD6qvo,control,None,"['VPC', 'ThirdParty', 'UserCompanyDeveloper', 'EC2', 'VPN']"
vb-o1DvvHxk,data_ingestion,None,"['Lambda', 'S3', 'UserCompanyDataStream', 'SQS', 'ELB', 'BeanStalk', 'ElastiCache', 'ApiGateway', 'RDS']"
vb-o1DvvHxk,interactive,None,"['Lambda', 'S3', 'UserCompanyDataStream', 'SQS', 'ELB', 'BeanStalk', 'ElastiCache', 'ApiGateway', 'RDS']"
KzJKdUZ3Ba4,interactive,Edge,"['IoTCore', 'ThirdParty', 'UserConsumerMobile']"
hMK2NJ-q9nc,compute_intensive,Edge,"['CloudFormation', 'S3', 'UserCompanyDataStream', 'DirectConnect', 'EC2', 'UserCompanyEdge']"
4zVB5RbSTCo,data_ingestion,None,"['Lambda', 'WAF', 'DynamoDB', 'DataPipeline', 'Athena', 'UserConsumerMobile', 'EC2', 'ApiGateway', 'RDS']"
99nNHsbwBpg,interactive,None,"['AutoScaling', 'EC2']"
FHdtOtznWuA,control,Edge,"['Lambda', 'CloudFormation', 'IoTCore', 'Cognito', 'Greengrass', 'UserConsumerEdge', 'UserConsumerWebMobile', 'ServerlessApplicationRepository', 'ApiGateway', 'DynamoDB']"
phN08pi3YzY,other,None,"['Fargate', 'ALB', 'ThirdParty', 'CloudTrail']"
1tGmQd0yOzE,control,None,"['EC2', 'VPC', 'ThirdParty', 'NLB']"
lTSZT10JMQA,compute_intensive,Edge,"['Lambda', 'S3', 'ECS', 'UserConsumerTV', 'UserCompanyDataStream', 'EC2', 'StepFunctions']"
7wBOFcP1HwA,interactive,Edge,"['Lambda', 'ThirdParty', 'CloudWatch', 'S3', 'ELB', 'EKS', 'CloudFront', 'UserConsumerWeb', 'RDS']"
YjASp_VccmI,interactive,None,"['S3', 'ECS', 'ALB', 'ElasticTranscoder', 'DynamoDB', 'Route53', 'UserConsumerWeb', 'RDS']"
E8BGpIxzYc4,data_ingestion,Edge,"['Glue', 'BeanStalk', 'S3', 'Firehose', 'Aurora', 'Athena', 'UserCompanyDataStream', 'CloudFront', 'QuickSight']"
ihB2dRYLOOI,compute_intensive,None,"['Lambda', 'S3', 'UserConsumerAPI', 'ECS', 'ALB', 'UserCompanyDeveloper', 'CodeBuild', 'ELB', 'ECR', 'Aurora', 'DynamoDB']"
ihB2dRYLOOI,interactive,None,"['Lambda', 'S3', 'UserConsumerAPI', 'ECS', 'ALB', 'UserCompanyDeveloper', 'CodeBuild', 'ELB', 'ECR', 'Aurora', 'DynamoDB']"
6LcSv9XocTY,data_ingestion,None,"['Lambda', 'ThirdParty', 'S3', 'Connect', 'Firehose', 'Comprehend', 'Transcribe', 'Athena', 'UserConsumerWeb']"
6LcSv9XocTY,interactive,None,"['Lambda', 'ThirdParty', 'S3', 'Connect', 'Firehose', 'Comprehend', 'Transcribe', 'Athena', 'UserConsumerWeb']"
SpIlpGxuwFM,other,None,"['Lambda', 'ThirdParty', 'CloudWatch', 'KinesisDataStream', 'UserCompanyDeveloper', 'SNS', 'ApiGateway', 'DynamoDB']"
nvhG60gFbso,interactive,None,"['VPC', 'ThirdParty', 'NLB', 'S3', 'TransitGateway', 'PrivateLink', 'EKS', 'DirectConnect', 'EC2', 'RDS']"
Kebb0LOVC28,control,None,"['Lambda', 'CodePipeline', 'ThirdParty', 'CodeBuild', 'UserCompanyDeveloper', 'ECR', 'SNS', 'ApiGateway']"
7LziNjUTo7w,interactive,HPC,"['Lambda', 'CloudFormation', 'FSX', 'AppStream', 'SystemsManager', 'UserConsumerWeb', 'EC2', 'RDS']"
iSkWd31X7zo,data_ingestion,Edge,"['Lambda', 'Cognito', 'S3', 'KinesisDataStream', 'UserConsumerIOT', 'AppSync', 'UserConsumerAPI', 'Firehose', 'DynamoDB']"
iSkWd31X7zo,compute_intensive,Edge,"['Lambda', 'Cognito', 'S3', 'KinesisDataStream', 'UserConsumerIOT', 'AppSync', 'UserConsumerAPI', 'Firehose', 'DynamoDB']"
5EmA67lSJEs,compute_intensive,Edge,"['S3', 'WAF', 'UserConsumerAPI', 'SQS', 'ELB', 'CloudFront', 'UserConsumerWeb', 'EC2']"
5EmA67lSJEs,interactive,Edge,"['S3', 'WAF', 'UserConsumerAPI', 'SQS', 'ELB', 'CloudFront', 'UserConsumerWeb', 'EC2']"
7dtomip_VXc,interactive,None,"['Lambda', 'CloudWatch', 'ECS', 'ALB', 'AutoScaling', 'UserConsumerMobile', 'Aurora', 'ElastiCache']"
LPZlrX2cNjo,compute_intensive,None,"['UserConsumerWeb', 'EC2', 'ThirdParty', 'SageMaker']"
F4KDOGNpSoI,data_ingestion,Edge,"['Lambda', 'Glue', 'S3', 'RDS', 'UserCompanyDeveloper', 'Firehose', 'LambdaAtEdge', 'CloudFront', 'Athena', 'UserConsumerMobile', 'ApiGateway', 'DynamoDB']"
F4KDOGNpSoI,interactive,Edge,"['Lambda', 'Glue', 'S3', 'RDS', 'UserCompanyDeveloper', 'Firehose', 'LambdaAtEdge', 'CloudFront', 'Athena', 'UserConsumerMobile', 'ApiGateway', 'DynamoDB']"
aOZ4H98XROc,data_ingestion,Edge,"['ThirdParty', 'VPC', 'IAM', 'UserConsumerEdge', 'AutoScaling', 'Route53', 'EC2', 'ApiGateway']"
U1kY6nSS2YQ,other,None,"['CloudFormation', 'ThirdParty', 'CloudWatch', 'UserCompanyDeveloper', 'EKS', 'EC2', 'RDS']"
gD8pzUnXgsU,data_ingestion,None,"['CloudFormation', 'ThirdParty', 'CloudWatch', 'S3', 'OnPremDC']"
JRDGId6N49E,compute_intensive,HPC,"['ServiceCatalog', 'ThirdParty', 'CloudFormation', 'S3', 'EC2']"
FmhL2334GIY,other,None,"['ECS', 'GlobalAccelerator', 'SQS', 'UserCompanyDeveloper', 'UserCompanyWebsite', 'EC2']"
Q6r_QbYXFpg,other,None,"['Lambda', 'ThirdParty', 'StepFunctions', 'Cognito', 'S3', 'WorkSpaces', 'SQS', 'ApiGateway', 'RDS']"
oTtPNgcZ05I,control,None,"['CloudFormation', 'ServiceCatalog', 'RedShift', 'ThirdParty', 'S3', 'EKS', 'Athena', 'UserCompanyAnalyst', 'LakeFormation', 'SageMaker']"
a6kqyqTNJM4,interactive,Edge,"['Lambda', 'ThirdParty', 'CloudWatch', 'S3', 'EKS', 'CloudFront', 'UserConsumerWeb', 'EC2', 'RDS']"
oEmuI32GYww,data_ingestion,Edge,"['Lambda', 'ThirdParty', 'S3', 'DynamoDB', 'UserConsumerEdge', 'Firehose', 'EC2', 'IoTCore', 'RDS']"
RxAmb57NCPM,data_ingestion,None,"['Lambda', 'ThirdParty', 'S3', 'SQS', 'UserCompanyAPI', 'SNS']"
DkPPwq517aE,interactive,Edge,"['CloudWatch', 'S3', 'WAF', 'ECS', 'Fargate', 'SQS', 'CloudFront', 'UserConsumerWeb', 'ApiGateway', 'RDS']"
DkPPwq517aE,control,Edge,"['CloudWatch', 'S3', 'WAF', 'ECS', 'Fargate', 'SQS', 'CloudFront', 'UserConsumerWeb', 'ApiGateway', 'RDS']"
Yju3yReAQtc,interactive,Edge,"['Lambda', 'S3', 'UserCompanyInternalPlatform', 'CloudFront', 'OpenSearch', 'ApiGateway', 'DynamoDB']"
AS2JeM2FUzE,data_ingestion,None,"['VPCPeering', 'MongoDBAtlas', 'ELB', 'UserConsumerWeb', 'AmazonMQ', 'UserCompanyDataStream', 'EC2', 'ElastiCache', 'RDS']"
AS2JeM2FUzE,interactive,None,"['VPCPeering', 'MongoDBAtlas', 'ELB', 'UserConsumerWeb', 'AmazonMQ', 'UserCompanyDataStream', 'EC2', 'ElastiCache', 'RDS']"
CDCLwX2fo2g,compute_intensive,None,"['CloudWatch', 'S3', 'ECS', 'ALB', 'UserConsumerMobile', 'EC2', 'DynamoDB']"
CDCLwX2fo2g,interactive,None,"['CloudWatch', 'S3', 'ECS', 'ALB', 'UserConsumerMobile', 'EC2', 'DynamoDB']"
OmVQ6pNDbaY,other,None,"['EKS', 'CloudWatch']"
e3N5ZuHh7G0,control,None,"['ECS', 'ALB', 'ThirdParty', 'Route53']"
5CwIt-Alqhg,data_ingestion,Edge,"['Lambda', 'CloudWatch', 'S3', 'UserCompanyAgent', 'ALB', 'EKS', 'CloudHSM', 'SNS', 'SageMaker', 'IoTCore', 'DynamoDB']"
Cgv0kfp_6xQ,interactive,Edge,"['S3', 'EKS', 'CloudFront', 'UserConsumerMobile', 'ElastiCache', 'DynamoDB']"
uhrheMJTV4A,data_ingestion,Edge,"['Lambda', 'Kinesis', 'Glue', 'S3', 'UserConsumerWeb', 'Athena', 'UserCompanyDataStream', 'OpenSearch', 'ApiGateway', 'IoTCore', 'DynamoDB']"
wzGYJ6BB0iY,data_ingestion,None,"['Lambda', 'ThirdParty', 'UserConsumerAPI', 'ALB', 'GuardDuty', 'UserConsumerMobile', 'UserCompanyDataStream', 'UserCompanyAPI']"
WYK-smWKywA,interactive,Edge,"['Lambda', 'ThirdParty', 'WAF', 'S3', 'ELB', 'LambdaAtEdge', 'CloudFront', 'UserConsumerMobile', 'EC2', 'ElastiCache', 'ApiGateway']"
hf9nMAG9XoU,control,None,"['Lambda', 'ThirdParty', 'Amplify', 'Aurora', 'UserCompanyDataStream', 'ApiGateway', 'StepFunctions']"
w-qGSyzDL6g,data_ingestion,HPC,"['Lambda', 'ThirdParty', 'S3', 'ECS', 'Firehose', 'Transcribe', 'UserCompanyAnalyst', 'UserCompanyDataStream', 'ECR', 'SNS', 'Batch']"
6iK4WNj6QqI,interactive,None,"['Lambda', 'DynamoDB', 'AppSync', 'EKS', 'UserConsumerWeb', 'StepFunctions']"
hnMQFnTGr3I,data_ingestion,Edge,"['Lambda', 'UserConsumerCamera', 'S3', 'ALB', 'SQS', 'Route53', 'EKS', 'UserConsumerMobile', 'RDS']"
hnMQFnTGr3I,interactive,Edge,"['Lambda', 'UserConsumerCamera', 'S3', 'ALB', 'SQS', 'Route53', 'EKS', 'UserConsumerMobile', 'RDS']"
LxeSC3-xMlk,interactive,Edge,"['ThirdParty', 'Lex', 'UserConsumerAlexaGoogleHome', 'Comprehend', 'UserConsumerMobile', 'OpenSearch', 'SNS', 'DynamoDB']"
eEfWd4EgH_s,data_ingestion,None,"['Lambda', 'StepFunctions', 'CloudWatch', 'UserCompanyDataStream', 'SNS', 'ApiGateway', 'DynamoDB']"
BZ32w0SSAoY,compute_intensive,None,"['Lambda', 'ThirdParty', 'S3', 'UserConsumerWeb', 'EC2']"
XgJUsBDQILQ,data_ingestion,Edge,"['Lambda', 'IoTAnalytics', 'DynamoDB', 'UserConsumerIOT', 'QuickSight', 'AlexaForBusiness', 'OpenSearch', 'IoTCore', 'RDS']"
co4_t2gN1T8,interactive,None,"['Lambda', 'ThirdParty', 'S3', 'DynamoDB', 'UserCompanyDeveloper', 'SNS', 'ApiGateway', 'StepFunctions']"
aAYvbRhZFPo,data_ingestion,None,"['S3', 'SQS', 'ELB', 'Route53', 'EC2', 'SNS']"
0F7KDLz-kIQ,interactive,Edge,"['Lambda', 'CloudWatch', 'Fargate', 'DocumentDB', 'Route53', 'CloudFront', 'UserConsumerWeb', 'OpenSearch', 'ElastiCache', 'ApiGateway', 'RDS']"
Jz2RPRhF6Fs,interactive,Edge,"['Lambda', 'ThirdParty', 'ALB', 'ELB', 'LambdaAtEdge', 'CloudFront', 'UserConsumerMobile', 'ApiGateway', 'DynamoDB']"
jBffL9zUCSE,control,None,"['S3', 'ControlTower', 'TransitGateway', 'UserCompanyDeveloper', 'EKS', 'ECR', 'RDS']"
6sew_hdI6cY,other,Edge,"['Lambda', 'RedShift', 'WAF', 'S3', 'EFS', 'Route53', 'EKS', 'CloudFront', 'Aurora', 'EC2', 'OpenSearch', 'ElastiCache', 'VPN']"
yVgxqT1vikk,data_ingestion,None,"['Lambda', 'Kinesis', 'S3', 'ECS', 'Firehose', 'Athena', 'UserCompanyDataStream', 'ApiGateway']"
XpFNznmRoQ0,data_ingestion,None,"['Lambda', 'CloudFormation', 'RedShift', 'Glue', 'S3', 'SQS', 'UserCompanyDataStream', 'SageMaker', 'StepFunctions']"
QnmmTIYZxNI,other,None,"['NAT', 'NLB', 'TransitGateway', 'PrivateLink', 'EKS', 'DirectConnect', 'EC2', 'VPN']"
0wnNlOg42dc,compute_intensive,None,"['Lambda', 'S3', 'ECS', 'ALB', 'SQS', 'EC2', 'SageMaker', 'ApiGateway']"
U1P8vZTEB-k,compute_intensive,HPC,"['ThirdParty', 'UserConsumerAPI', 'S3', 'PrivateLink', 'UserCompanyDeveloper', 'EFS', 'UserCompanyAnalyst', 'Aurora', 'Batch', 'DirectConnect', 'EC2', 'ElastiCache']"
U1P8vZTEB-k,control,HPC,"['ThirdParty', 'UserConsumerAPI', 'S3', 'PrivateLink', 'UserCompanyDeveloper', 'EFS', 'UserCompanyAnalyst', 'Aurora', 'Batch', 'DirectConnect', 'EC2', 'ElastiCache']"
HcmEFZukA-Y,interactive,Edge,"['Lambda', 'UserConsumerPOS', 'ThirdParty', 'Pinpoint', 'EventBridge', 'SQS', 'MongoDBAtlas', 'UserConsumerMobile', 'ApiGateway']"
pwrdLJx0iAU,control,None,"['Lambda', 'CloudFormation', 'VPC', 'IAM', 'AWSConfig', 'CloudTrail']"
1kWxymroGeE,control,None,"['S3', 'KMS', 'Aurora', 'SecretsManager', 'DynamoDB']"
wjtSHyENv0I,interactive,Edge,"['Lambda', 'S3', 'CloudFront', 'UserConsumerWeb', 'EC2', 'ApiGateway', 'DynamoDB']"
aQFztbu0BG0,data_ingestion,None,"['ThirdParty', 'S3', 'PrivateLink', 'TransferFamily', 'EC2', 'SNS']"
fppIOuRMI2g,control,None,"['Lambda', 'CloudFormation', 'S3', 'SQS', 'UserCompanyDeveloper', 'EKS', 'SNS']"
_pXybA6832o,interactive,Edge,"['Lambda', 'StepFunctions', 'S3', 'WorkSpaces', 'DeepLens', 'UserConsumerAlexaGoogleHome', 'Rekognition', 'DynamoDB']"
LYP98nPBj2A,interactive,None,"['EC2', 'ALB', 'Aurora', 'UserConsumerMobile']"
66fPHLmvikk,control,None,"['Lambda', 'S3', 'ECR', 'UserCompanyAnalyst', 'EC2', 'SageMaker']"
QuyZHin9B70,other,None,"['EC2', 'ThirdParty', 'EBS', 'S3']"
IV3KuMGVNXI,interactive,Edge,"['S3', 'UserCompanyAgent', 'LambdaAtEdge', 'CloudFront', 'DynamoDB']"
OWLGK-eVrTw,interactive,None,"['Lambda', 'ThirdParty', 'NLB', 'UserConsumerAPI', 'ElastiCache', 'RDS']"
E8wYXtvGy5k,interactive,None,"['Lambda', 'Fargate', 'SQS', 'UserConsumerMobile', 'UserConsumerWeb', 'SNS', 'DynamoDB']"
pZ7Lr94noLo,interactive,None,"['Lambda', 'Chime', 'S3', 'Fargate', 'SQS', 'UserConsumerWeb', 'ApiGateway', 'DynamoDB']"
Ozbv9qBsDG8,other,None,"['Lambda', 'ThirdParty', 'IAM', 'S3', 'EventBridge', 'EBS', 'KMS', 'SQS']"
sezX7CSbXTg,interactive,None,"['Lambda', 'ThirdParty', 'EventBridge', 'UserConsumerMobile', 'ApiGateway', 'StepFunctions']"
X3mC6Yfd138,data_ingestion,None,"['ThirdParty', 'DataExchange', 'UserCompanyDeveloper', 'EC2', 'ElastiCache', 'DynamoDB']"
U8xlmurP-6o,interactive,None,"['Lambda', 'ThirdParty', 'EBS', 'CloudHSM', 'EC2', 'SNS', 'ApiGateway', 'DynamoDB']"
qv9q0sFt6aY,data_ingestion,None,"['ThirdParty', 'RedShift', 'Glue', 'S3', 'DynamoDB', 'EC2', 'OpenSearch', 'RDS']"
9Cg81Xgg7LQ,other,None,"['ThirdParty', 'Kinesis', 'XRay', 'ECS', 'EC2', 'DynamoDB']"
cmYI6axlicc,data_ingestion,None,"['EMR', 'MSK', 'RedShift', 'S3', 'Aurora', 'UserCompanyAnalyst', 'UserCompanyDataStream']"
MbkLJ62jtMc,control,Edge,"['Lambda', 'RDS', 'SQS', 'UserCompanyAPI', 'SNS', 'DynamoDB']"
6YkguepAQuQ,control,None,"['CodeCommit', 'CloudFormation', 'CodePipeline', 'VPC', 'IAM', 'ECS', 'ALB', 'CodeBuild', 'UserCompanyDeveloper', 'ECR']"
SxFag4CMWU8,data_ingestion,HPC,"['ThirdParty', 'RedShift', 'FSX', 'S3', 'EKS', 'Athena', 'UserConsumerWeb', 'EC2', 'RDS']"
gcgtLDB0cKA,data_ingestion,Edge,"['Lambda', 'MSK', 'S3', 'ECS', 'Firehose', 'DynamoDBStream', 'Athena', 'UserConsumerWeb', 'UserCompanyEdge', 'ApiGateway', 'DynamoDB']"
gcgtLDB0cKA,interactive,Edge,"['Lambda', 'MSK', 'S3', 'ECS', 'Firehose', 'DynamoDBStream', 'Athena', 'UserConsumerWeb', 'UserCompanyEdge', 'ApiGateway', 'DynamoDB']"
Pc7_uOdlGKo,data_ingestion,None,"['Glue', 'S3', 'UserCompanyAgent', 'Athena', 'UserConsumerMobile', 'LakeFormation', 'SageMaker', 'QuickSight']"
uBiaWJbTRsE,control,None,"['Lambda', 'CloudFormation', 'CodeCommit', 'ServiceCatalog', 'CodePipeline', 'UserCompanyDeveloper']"
JYeXbUdFOdw,data_ingestion,None,"['Lambda', 'ThirdParty', 'S3', 'SES', 'UserConsumerWeb', 'OpenSearch', 'RDS']"
JYeXbUdFOdw,interactive,None,"['Lambda', 'ThirdParty', 'S3', 'SES', 'UserConsumerWeb', 'OpenSearch', 'RDS']"
QOtCpD23118,data_ingestion,Edge,"['Lambda', 'ThirdParty', 'Kinesis', 'Glue', 'S3', 'SQS', 'Athena', 'UserCompanyEdge']"
1VcpCVe3tLQ,data_ingestion,None,"['Lambda', 'Glue', 'S3', 'Aurora', 'Athena', 'UserCompanyDataStream', 'UserConsumerMobile', 'SageMaker', 'ApiGateway', 'StepFunctions']"
1VcpCVe3tLQ,compute_intensive,None,"['Lambda', 'Glue', 'S3', 'Aurora', 'Athena', 'UserCompanyDataStream', 'UserConsumerMobile', 'SageMaker', 'ApiGateway', 'StepFunctions']"
1VcpCVe3tLQ,interactive,None,"['Lambda', 'Glue', 'S3', 'Aurora', 'Athena', 'UserCompanyDataStream', 'UserConsumerMobile', 'SageMaker', 'ApiGateway', 'StepFunctions']"
u9DZRkJxvWo,data_ingestion,None,"['StepFunctions', 'RDS']"
mtZvA7ARepM,interactive,None,"['Lambda', 'Kinesis', 'UserConsumerAPI', 'DynamoDB', 'Fargate', 'ELB', 'ApiGateway', 'RDS']"
QnwfcDZkwh8,interactive,Edge,"['CloudWatch', 'WAF', 'S3', 'UserConsumerTV', 'Fargate', 'OnPremDC', 'ALB', 'UserCompanyDeveloper', 'Firehose', 'MemoryDB', 'UserConsumerMobile', 'UserConsumerWeb', 'VPN']"
Qz8uXtDC1bY,compute_intensive,None,"['Lambda', 'ThirdParty', 'CloudWatch', 'S3', 'Fargate', 'UserCompanyDeveloper', 'ECR', 'SNS', 'ApiGateway', 'StepFunctions']"
ZcY8DG-785w,control,None,"['Kinesis', 'UserConsumerAPI']"
O5Sn5QCEAzE,data_ingestion,None,"['Lambda', 'S3', 'ELB', 'UserConsumerWeb', 'EC2', 'RDS']"
8ZRWzn0G39g,interactive,None,"['UserConsumerAPI', 'ECS', 'Fargate', 'KMS', 'EKS', 'Aurora', 'EC2', 'ApiGateway', 'DynamoDB']"
0gNMEyei-co,data_ingestion,None,"['EMR', 'ThirdParty', 'Kinesis', 'S3', 'EventBridge', 'Fargate', 'SQS', 'Aurora', 'UserCompanyDataStream']"
ekXdohpAy5U,data_ingestion,None,"['Lambda', 'Neptune', 'Comprehend', 'UserCompanyDataStream', 'OpenSearch', 'SageMaker']"
sSa4ikC8-Jc,interactive,Edge,"['ThirdParty', 'S3', 'WAF', 'AWSConfig', 'CloudFront', 'UserConsumerWeb', 'SNS']"
sSa4ikC8-Jc,control,Edge,"['ThirdParty', 'S3', 'WAF', 'AWSConfig', 'CloudFront', 'UserConsumerWeb', 'SNS']"
gu54VVeDD10,data_ingestion,None,"['Lambda', 'Glue', 'S3', 'IAM', 'ECR', 'UserCompanyAnalyst', 'SageMaker', 'RDS']"
gu54VVeDD10,compute_intensive,None,"['Lambda', 'Glue', 'S3', 'IAM', 'ECR', 'UserCompanyAnalyst', 'SageMaker', 'RDS']"
c8615P0yfi8,data_ingestion,None,"['Lambda', 'EventBridge', 'S3', 'Athena', 'UserConsumerWeb', 'SageMaker', 'ApiGateway', 'StepFunctions']"
9yziTe6lBwk,interactive,Edge,"['RedShift', 'Glue', 'S3', 'ELB', 'Route53', 'EKS', 'CloudFront', 'UserConsumerMobile', 'ElastiCache', 'RDS']"
nt4lQx6tAI8,interactive,None,"['Lambda', 'Cognito', 'AppSync', 'ELB', 'Route53', 'UserConsumerMobile', 'EC2', 'OpenSearch', 'DynamoDB']"
ilsJgwcAshE,data_ingestion,Edge,"['UserConsumerCamera', 'S3', 'UserCompanyHeadEnd', 'EKS', 'DirectConnect', 'EC2']"
fRv8sOUyhZw,data_ingestion,None,"['Lambda', 'EMR', 'ThirdParty', 'Kinesis', 'DMS', 'S3', 'UserCompanyAPI', 'OpenSearch', 'DynamoDB']"
StSuG6-iKW4,interactive,Edge,"['Lambda', 'StepFunctions', 'Lex', 'UserCompanyAgent', 'UserConsumerEdge', 'Rekognition', 'Connect', 'IoTCore', 'DynamoDB']"
a59halVklMI,data_ingestion,None,"['EMR', 'MSK', 'RedShift', 'VPC', 'ThirdParty', 'S3', 'Athena', 'SageMaker', 'RDS']"
ww5fiygF6eg,data_ingestion,Edge,"['Lambda', 'ThirdParty', 'StorageGateway', 'CloudWatch', 'S3', 'UserCompanyDrone', 'StepFunctions']"
ww5fiygF6eg,interactive,Edge,"['Lambda', 'ThirdParty', 'StorageGateway', 'CloudWatch', 'S3', 'UserCompanyDrone', 'StepFunctions']"
2XVgpMwY5iE,data_ingestion,HPC,"['FSX', 'IAM', 'S3', 'UserCompanyAgent', 'EKS', 'UserCompanyDataStream', 'SageMaker']"
hlVnmCfydIs,data_ingestion,None,"['Lambda', 'ThirdParty', 'Pinpoint', 'S3', 'EventBridge', 'Lex', 'Connect', 'Firehose', 'UserConsumerMobile', 'DynamoDB']"
hlVnmCfydIs,interactive,None,"['Lambda', 'ThirdParty', 'Pinpoint', 'S3', 'EventBridge', 'Lex', 'Connect', 'Firehose', 'UserConsumerMobile', 'DynamoDB']"
4WjXH8Wp0E4,data_ingestion,Edge,"['Lambda', 'ThirdParty', 'StorageGateway', 'S3', 'SQS', 'UserConsumerHospital', 'UserConsumerWeb', 'DirectConnect', 'EC2', 'RDS']"
4WjXH8Wp0E4,interactive,Edge,"['Lambda', 'ThirdParty', 'StorageGateway', 'S3', 'SQS', 'UserConsumerHospital', 'UserConsumerWeb', 'DirectConnect', 'EC2', 'RDS']"
uOSpWdAyrZo,control,None,"['Lambda', 'ThirdParty', 'EventBridge', 'AWSConfig', 'SecurityHub', 'Inspector', 'GuardDuty', 'CloudTrail']"
8s0wGRkiDrw,data_ingestion,None,"['Lambda', 'OpenSearch', 'SNS', 'S3']"
W96L6ICcF3s,interactive,None,"['ThirdParty', 'ECS', 'ELB', 'Route53', 'ECR']"
cnZeOytEkIM,interactive,None,"['Lambda', 'EventBridge', 'ALB', 'EKS', 'UserConsumerWeb', 'EC2']"
chQ1phTqvnY,data_ingestion,Edge,"['Lambda', 'StepFunctions', 'AmazonML', 'S3', 'RDS', 'Rekognition', 'SNS', 'DynamoDB']"
chQ1phTqvnY,compute_intensive,Edge,"['Lambda', 'StepFunctions', 'AmazonML', 'S3', 'RDS', 'Rekognition', 'SNS', 'DynamoDB']"
Cw26CrJUqv8,other,None,"['Lambda', 'ThirdParty', 'TransitGateway', 'PrivateLink', 'EKS', 'UserConsumerWeb', 'SNS', 'ApiGateway', 'DynamoDB']"
66h7DrOEF5k,compute_intensive,None,"['Lambda', 'ThirdParty', 'CloudWatch', 'S3', 'ECS', 'ALB', 'EC2', 'DynamoDB']"
lecbHMBD8KQ,other,None,"['Lambda', 'ThirdParty', 'CloudWatch', 'S3', 'PrivateLink', 'SQS', 'KMS']"
sQsAGl7mSQs,data_ingestion,None,"['CloudWatch', 'Glue', 'S3', 'UserCompanyDeveloper', 'EC2', 'SageMaker']"
J4vHfpL66Zk,data_ingestion,None,"['EMR', 'Kinesis', 'StepFunctions', 'RedShift', 'UserConsumerAPI', 'S3', 'QuickSight', 'Athena', 'SageMaker', 'DMS']"
m8xtR3-ZQs8,data_ingestion,None,"['Lambda', 'ThirdParty', 'CloudWatch', 'S3', 'Firehose', 'EC2', 'OpenSearch', 'CloudTrail']"
zr3Kib0i-OQ,data_ingestion,None,"['Lambda', 'CloudWatch', 'S3', 'Fargate', 'OpenSearch']"
aN26J-7q9Hw,control,None,"['Lambda', 'ThirdParty', 'NAT', 'KMS', 'ELB', 'UserConsumerMobile', 'SystemsManager', 'EC2', 'ApiGateway']"
SSWwnNVYi_Q,data_ingestion,None,"['EMR', 'S3', 'DirectoryService', 'KMS', 'UserConsumerWeb', 'EC2', 'RDS']"
tTQ36qQF_vA,other,Edge,"['DynamoDB', 'Cognito', 'CloudFront', 'S3']"
3yJZ6rPoZfg,compute_intensive,Edge,"['VPC', 'S3', 'UserConsumerEdge', 'SQS', 'EKS', 'EC2']"
5vR5aN_xdI0,data_ingestion,None,"['Lambda', 'ThirdParty', 'S3', 'UserConsumerAPI', 'ELB', 'Firehose', 'EC2']"
ftIdBG-UgFY,control,None,"['ServiceCatalog', 'ThirdParty', 'VPC', 'ECS', 'ALB', 'ACM', 'ECR', 'EC2']"
EiljRL0977M,compute_intensive,HPC,"['Lambda', 'ThirdParty', 'FSX', 'EventBridge', 'Batch', 'EC2', 'OpenSearch']"
Ly_UhX3LCCs,other,None,"['KMS', 'SNS', 'EventBridge', 'S3']"
Bi-1xjXvKgs,interactive,None,"['ELB', 'EC2', 'UserConsumerWeb', 'DynamoDB']"
fSV0u48sEVg,interactive,None,"['Lambda', 'CloudWatch', 'Fargate', 'ALB', 'UserConsumerMobile', 'ElastiCache', 'RDS']"
asZIXK7V-U4,data_ingestion,None,"['Lambda', 'EventBridge', 'S3', 'Athena', 'UserConsumerWeb', 'SageMaker', 'ApiGateway', 'StepFunctions']"
7V8wTCkjOqo,other,None,"['Lambda', 'ThirdParty', 'ECS', 'RDS', 'SNS', 'DynamoDB']"
nM-AkqNh7Yo,data_ingestion,None,"['EMR', 'CloudWatch', 'S3', 'SQS', 'EC2', 'RDS']"
u3ZwnulzLnU,data_ingestion,None,"['Lambda', 'ThirdParty', 'Fargate', 'SQS', 'UserCompanyDeveloper', 'Aurora', 'EC2']"
Eoq7E6jMtBs,interactive,None,"['Lambda', 'Chime', 'Kinesis', 'Cognito', 'S3', 'Aurora', 'UserConsumerMobile', 'ApiGateway', 'DynamoDB']"
QM96Fv_NAnw,interactive,None,"['ThirdParty', 'Cognito', 'S3', 'UserConsumerWeb', 'EC2', 'ApiGateway', 'RDS']"
jpewc52m4tg,compute_intensive,Edge,"['Lambda', 'Macie', 'ThirdParty', 'S3', 'UserConsumerIOT', 'SQS', 'KMS', 'Inspector', 'GuardDuty', 'CloudFront', 'UserConsumerMobile', 'EC2', 'VPN', 'RDS']"
ZNt9qI_LlPk,data_ingestion,None,"['Lambda', 'S3', 'ECS', 'SNS', 'DynamoDB']"
bQqJpjv-FXs,data_ingestion,Edge,"['Lambda', 'IoTCore', 'Pinpoint', 'UserConsumerMobile', 'UserCompanyDataStream', 'ApiGateway']"
R-DPMUjZEf4,other,None,"['NLB', 'ELB', 'UserConsumerWeb', 'EC2', 'RDS']"
SC6n6J8Bi58,interactive,Edge,"['ThirdParty', 'ECS', 'UserConsumerIOT', 'UserConsumerDeveloper', 'Aurora', 'DirectConnect', 'EC2', 'ApiGateway']"
kD57QUn5myc,other,None,"['Lambda', 'Kinesis', 'S3', 'UserCompanyAgent', 'Connect', 'Translate', 'Comprehend', 'Transcribe', 'UserConsumerMobile', 'DynamoDB']"
2f_NYiPJQt4,control,None,"['Lambda', 'S2SVPN', 'Cognito', 'S3', 'ControlTower', 'ALB', 'EFS', 'Organizations', 'EC2', 'ApiGateway']"
2L0m28ZLmtE,compute_intensive,Edge,"['Lambda', 'ServiceCatalog', 'ThirdParty', 'S3', 'Cognito', 'Translate', 'Comprehend', 'CloudFront', 'EC2', 'SageMaker', 'ApiGateway', 'DynamoDB']"
wzj2VQutJws,control,None,"['ELB', 'EC2']"
dAQhNjwkOX8,data_ingestion,None,"['Lambda', 'UserConsumerAPI', 'Lex', 'QuickSight', 'UserCompanyAgent', 'Comprehend', 'OpenSearch', 'SNS', 'SageMaker', 'ApiGateway', 'RDS']"
dAQhNjwkOX8,interactive,None,"['Lambda', 'UserConsumerAPI', 'Lex', 'QuickSight', 'UserCompanyAgent', 'Comprehend', 'OpenSearch', 'SNS', 'SageMaker', 'ApiGateway', 'RDS']"
Xi6tDqctLsY,interactive,Edge,"['Lambda', 'Pinpoint', 'S3', 'Cognito', 'AppSync', 'Aurora', 'CloudFront', 'UserConsumerWeb']"
-kA0ahrhX3I,data_ingestion,None,"['Macie', 'ThirdParty', 'Glue', 'S3', 'UserCompanyDeveloper', 'Athena', 'QuickSight']"
Kp088QTRmLk,interactive,Edge,"['Lambda', 'ThirdParty', 'WAF', 'Route53', 'CloudFront', 'UserConsumerWeb', 'ApiGateway']"
wtl7CrSQnHA,data_ingestion,Edge,"['Lambda', 'Kinesis', 'Glue', 'S3', 'UserConsumerEdge', 'OnPremDC', 'Firehose', 'UserConsumerWeb', 'OpenSearch', 'SageMaker']"
x76BIV88j_M,interactive,None,"['S3', 'ELB', 'Route53', 'EKS', 'UserConsumerMobile', 'EC2', 'RDS']"
Dxq_U1TNx1s,data_ingestion,Edge+HPC,"['Lambda', 'UserConsumerSatellite', 'S3', 'EKS', 'CloudFront', 'UserConsumerMobile', 'Aurora', 'EC2', 'SageMaker']"
Dxq_U1TNx1s,compute_intensive,Edge+HPC,"['Lambda', 'UserConsumerSatellite', 'S3', 'EKS', 'CloudFront', 'UserConsumerMobile', 'Aurora', 'EC2', 'SageMaker']"
JiWHomdh1oI,data_ingestion,None,"['Lambda', 'RedShift', 'S3', 'UserCompanyDataStream', 'DynamoDB']"
KM5ONS2fnG0,data_ingestion,None,"['Lambda', 'Kinesis', 'Glue', 'S3', 'Aurora', 'Athena', 'UserCompanyDataStream', 'OpenSearch', 'DynamoDB']"
mKZw29_UtoU,data_ingestion,Edge,"['Lambda', 'CodeCommit', 'StepFunctions', 'S3', 'Firehose', 'UserCompanyEdge', 'SageMaker', 'ApiGateway', 'DynamoDB']"
mKZw29_UtoU,interactive,Edge,"['Lambda', 'CodeCommit', 'StepFunctions', 'S3', 'Firehose', 'UserCompanyEdge', 'SageMaker', 'ApiGateway', 'DynamoDB']"
qi017F1UwvM,data_ingestion,None,"['Lambda', 'Kinesis', 'Glue', 'S3', 'Fargate', 'RDS', 'Route53', 'Athena', 'UserConsumerMobile', 'UserConsumerWeb', 'ElastiCache', 'SNS', 'ApiGateway', 'StepFunctions']"
qi017F1UwvM,interactive,None,"['Lambda', 'Kinesis', 'Glue', 'S3', 'Fargate', 'RDS', 'Route53', 'Athena', 'UserConsumerMobile', 'UserConsumerWeb', 'ElastiCache', 'SNS', 'ApiGateway', 'StepFunctions']"
c2TGPlvAHLs,compute_intensive,None,"['Lambda', 'RedShift', 'S3', 'SageMaker', 'ApiGateway', 'StepFunctions']"
c2TGPlvAHLs,interactive,None,"['Lambda', 'RedShift', 'S3', 'SageMaker', 'ApiGateway', 'StepFunctions']"
h0HE3bOEiMk,control,None,"['Lambda', 'ThirdParty', 'DMS', 'S3', 'Athena', 'DirectConnect', 'DynamoDB']"
jzKCg9Z5_8Q,control,None,"['ServiceCatalog', 'IAM', 'ControlTower', 'AWSConfig', 'Organizations', 'CloudTrail']"
ZPsBzAwJzoI,interactive,Edge,"['ThirdParty', 'S3', 'MediaPackage', 'UserConsumerTV', 'EC2', 'MediaConnect', 'MediaConvert', 'LambdaAtEdge', 'CloudFront', 'MediaLive', 'DynamoDB']"
YT21s0_ZJVQ,data_ingestion,None,"['CloudFormation', 'Glue', 'S3', 'KMS', 'CodeBuild', 'ECR', 'RDS']"
XqsgQxyZ2Tw,data_ingestion,None,"['EMR', 'ThirdParty', 'S3', 'UserConsumerAPI', 'ECS']"
90rWUjKjnAE,control,None,"['ThirdParty', 'EBS', 'EFS', 'UserConsumerDeveloper', 'EKS', 'Aurora', 'EC2']"
HrYfdnPp6qs,data_ingestion,Edge,"['ThirdParty', 'Glue', 'Cognito', 'S3', 'Comprehend', 'UserCompanyAnalyst', 'Athena', 'CloudFront']"
WtCfHP6rUAY,interactive,None,"['Lambda', 'S3', 'SQS', 'UserCompanyDataStream', 'UserCompanyAPI', 'SNS', 'DynamoDB']"
WtCfHP6rUAY,control,None,"['Lambda', 'S3', 'SQS', 'UserCompanyDataStream', 'UserCompanyAPI', 'SNS', 'DynamoDB']"
PgeQufaQy7I,interactive,Edge,"['CloudFormation', 'ALB', 'Route53', 'EKS', 'LambdaAtEdge', 'CloudFront', 'UserConsumerWeb', 'RDS']"
Kp51k6LY-2c,data_ingestion,None,"['RedShift', 'Glue', 'S3', 'Athena', 'UserCompanyAnalyst', 'UserCompanyDataStream', 'EC2', 'RDS']"
uNAmsoLed1E,data_ingestion,None,"['Lambda', 'Glue', 'S3', 'RDS', 'KMS', 'Aurora', 'UserCompanyDataStream', 'EC2', 'DMS']"
uda9s3U7vFw,data_ingestion,Edge,"['Lambda', 'S3', 'Firehose', 'Route53', 'CloudFront', 'UserConsumerMobile', 'SNS', 'ApiGateway']"
0JxJpNjI9Y0,interactive,None,"['Lambda', 'ThirdParty', 'S3', 'UserConsumerAPI', 'ECS', 'ElastiCache', 'DynamoDB']"
5QbKp0LQaZo,compute_intensive,Edge,"['ECS', 'ALB', 'EKS', 'Outpost', 'UserConsumerWeb', 'ElastiCache', 'ApiGateway', 'DynamoDB']"
ZsabzCVjkIk,control,Edge,"['CloudFormation', 'CodePipeline', 'S3', 'ECS', 'ALB', 'CloudFront', 'ECR', 'OpenSearch', 'ElastiCache', 'RDS']"
kszaIJEnKPk,data_ingestion,Edge,"['Lambda', 'Kinesis', 'S3', 'UserConsumerEdge', 'AppSync', 'LambdaAtEdge', 'CloudFront', 'UserConsumerMobile', 'SNS', 'DynamoDB']"
kszaIJEnKPk,interactive,Edge,"['Lambda', 'Kinesis', 'S3', 'UserConsumerEdge', 'AppSync', 'LambdaAtEdge', 'CloudFront', 'UserConsumerMobile', 'SNS', 'DynamoDB']"
_iHahE9-0e8,control,None,"['Kinesis', 'UserConsumerAPI']"
BgT_bDAejSQ,control,None,['EKS']
hrhBOOrR5v0,interactive,None,"['Lambda', 'S3', 'Fargate', 'UserConsumerWeb', 'EC2', 'ElastiCache', 'ApiGateway']"
PBa68gCG0Uk,data_ingestion,None,"['ThirdParty', 'Kinesis', 'SQS', 'Aurora', 'EC2', 'OpenSearch']"
vr00Jg_G6qs,data_ingestion,None,"['Lambda', 'UserCompanyInternalPlatform', 'S3', 'DynamoDB', 'UserConsumerHospital', 'UserConsumerWeb', 'ApiGateway', 'Kendra']"
D_4dsXVqzMs,control,None,"['ThirdParty', 'CloudWatch', 'S3', 'ApiGateway', 'StepFunctions']"
rRvy5Fbei1s,data_ingestion,None,"['Lambda', 'RedShift', 'S3', 'UserConsumerAPI', 'QuickSight', 'SQS', 'DataPipeline', 'EC2', 'ApiGateway', 'DynamoDB']"
hbz63Ve-eIY,control,None,"['Lambda', 'CloudWatch', 'Cognito', 'S3', 'UserCompanyDeveloper', 'DynamoDB']"
JSBB-BCvavQ,other,None,"['Lambda', 'EKS', 'Aurora', 'BeanStalk', 'EC2']"
62E9ggjGS8I,other,None,"['ServiceCatalog', 'ThirdParty', 'VPC', 'ControlTower', 'TransitGateway', 'UserCompanyDeveloper']"
D9qTotVJYss,data_ingestion,None,"['Lambda', 'CloudWatch', 'Amplify', 'UserCompanyAgent', 'S3', 'AppSync']"
5f3z1Z_9BJA,data_ingestion,Edge,"['RedShift', 'StorageGateway', 'S3', 'UserCompanyDataStream', 'DirectConnect', 'EC2', 'RDS']"
Dp3YAxFp-YM,data_ingestion,None,"['RedShift', 'CloudWatch', 'S3', 'ELB', 'EKS', 'ECR', 'UserConsumerWeb', 'SageMaker']"
Dp3YAxFp-YM,compute_intensive,None,"['RedShift', 'CloudWatch', 'S3', 'ELB', 'EKS', 'ECR', 'UserConsumerWeb', 'SageMaker']"
YiOTd6IfGoU,data_ingestion,None,"['Lambda', 'ThirdParty', 'RedShift', 'CloudWatch', 'S3', 'QuickSight', 'Firehose', 'Athena', 'UserCompanyDataStream', 'OpenSearch', 'StepFunctions']"
Qi9soN5bpU4,interactive,None,"['Lambda', 'S3', 'Cognito', 'Amplify', 'Textract', 'Rekognition', 'ApiGateway', 'DynamoDB']"
l0mvXogANE4,data_ingestion,None,"['Lambda', 'S3', 'SQS', 'Athena', 'UserConsumerWeb', 'EC2', 'ElastiCache']"
l0mvXogANE4,interactive,None,"['Lambda', 'S3', 'SQS', 'Athena', 'UserConsumerWeb', 'EC2', 'ElastiCache']"
G5tNCpmD2uQ,interactive,None,"['EMR', 'S3', 'ECS', 'ALB', 'UserConsumerMobile', 'EC2', 'SageMaker', 'DynamoDB']"
1ZLiRT0C2Yo,control,None,"['CloudWatch', 'S3', 'TransitGateway', 'ELB', 'EC2', 'RDS']"
6sY0AunanlM,control,None,"['UserConsumerWeb', 'EKS', 'ELB', 'ECR']"
H_S7CxtHgSM,other,None,"['Lambda', 'ThirdParty', 'S3', 'UserCompanyAgent', 'EBS', 'KMS', 'SNS', 'StepFunctions']"
WZ4YL4Z177Q,data_ingestion,None,"['Lambda', 'Kinesis', 'S3', 'UserConsumerAPI', 'ECS', 'UserConsumerWebMobile', 'EC2', 'OpenSearch', 'SNS', 'ApiGateway', 'RDS']"
WZ4YL4Z177Q,interactive,None,"['Lambda', 'Kinesis', 'S3', 'UserConsumerAPI', 'ECS', 'UserConsumerWebMobile', 'EC2', 'OpenSearch', 'SNS', 'ApiGateway', 'RDS']"
ktonI7J3kLY,interactive,None,"['Lambda', 'EC2', 'CloudWatch', 'DynamoDB']"
ktonI7J3kLY,control,None,"['Lambda', 'EC2', 'CloudWatch', 'DynamoDB']"
twsGnp2X-aQ,data_ingestion,None,"['S3', 'Comprehend', 'Transcribe', 'UserCompanyAnalyst', 'UserCompanyDataStream', 'OpenSearch', 'StepFunctions']"
twsGnp2X-aQ,interactive,None,"['S3', 'Comprehend', 'Transcribe', 'UserCompanyAnalyst', 'UserCompanyDataStream', 'OpenSearch', 'StepFunctions']"
iKYvG5aiIn8,data_ingestion,None,"['ThirdParty', 'DMS', 'Glue', 'S3', 'EventBridge', 'SQS', 'UserCompanyAnalyst', 'StepFunctions']"
W5qVQr-n5M8,compute_intensive,None,"['Lambda', 'ThirdParty', 'CloudWatch', 'S3', 'SQS', 'UserConsumerWeb', 'EC2', 'StepFunctions']"
6EUknQqaV1w,data_ingestion,None,"['ThirdParty', 'CloudWatch', 'KinesisDataStream', 'Neptune', 'UserCompanyDataStream', 'OpenSearch', 'DynamoDB']"
1SwHH7qQ6Pc,interactive,None,"['Lambda', 'ThirdParty', 'S3', 'Cognito', 'UserConsumerMobile', 'ApiGateway', 'DynamoDB']"
1SwHH7qQ6Pc,control,None,"['Lambda', 'ThirdParty', 'S3', 'Cognito', 'UserConsumerMobile', 'ApiGateway', 'DynamoDB']"
BX1K8x1lVLc,interactive,Edge,"['S3', 'EKS', 'ECR', 'CloudFront', 'UserConsumerWeb', 'EC2', 'Aurora', 'ElastiCache']"
b93-zn-DtBw,data_ingestion,None,"['Lambda', 'RedShift', 'Glue', 'Cognito', 'S3', 'Fargate', 'Athena', 'UserConsumerWeb', 'SageMaker']"
YlGUMhls9ZA,compute_intensive,None,"['Lambda', 'CloudWatch', 'IAM', 'S3', 'RDS', 'EBS', 'ELB', 'EC2', 'DynamoDB']"
07lfvavMdfU,data_ingestion,None,"['S3', 'DynamoDB', 'Rekognition', 'Comprehend', 'MediaConvert', 'EKS', 'Transcribe', 'UserConsumerWeb', 'EC2', 'StepFunctions']"
iwZLadQ3XpY,data_ingestion,None,"['MSK', 'ThirdParty', 'Glue', 'S3', 'OnPremDC', 'EKS', 'UserConsumerMobile']"
