ID|Empresa /Caso|industria_inferida|industria_general|industria_inferida_en|industria_general_en
iSkWd31X7zo|TecnologíaConnect: Tecnología Powered Sports with IoT Machine Learning|Deportes / SportsTech / IoT|Deportes|Sports / Sportstech / Iot|Sports
FftalZUxyiM|CEPSA: Finding the Best Internal Talent Using Amazon Neptune|Energía / Oil&Gas / HR Tech|Energía|Energy / oil & gas / hr tech|Energy
E8BGpIxzYc4|TownSq: Providing Performance Insights to Community Managers|PropTech / Gestión de comunidades|Transformación Digital|Proptech / Communities Management|Consulting and Digital Transformation
J4vHfpL66Zk|Lean Grids Services: Adaptable Data Platform Based on a Serverless Architecture|Energía / Utilities / Redes inteligentes|Energía|Energy / Utilities / Smart Networks|Energy
vdujJAab1LM|ShopFully International Group: Serverless Global Log Ingestion Analytics System|Retail / Marketing Tech (retail analytics)|Retail|Retail / Marketing Tech (Retail Analytics)|Retail
m8xtR3-ZQs8|Biogen: Centralized Logging Solution for Multi Accounts|Biotech / Pharma (empresa biotech)|Salud|Biotech / Pharma (Biotech company)|Health
pZ7Lr94noLo|Aventri: SaaS Solution for Event Management|Eventos / SaaS eventos|Transformación Digital|Events / Saas Events|Consulting and Digital Transformation
kHPGZOpbnok|Ookla: Speedtest Intelligence Process 4 000 Reports per Second|Telecom / Medición de red|Tecnología|Telecom / Network Measurement|Technology
cnZeOytEkIM|Property Finder: Production Workloads with Amazon EKS|Real Estate / PropTech|Tecnología|Real Estate / Proptech|Technology
unFVfqj9cQ8|Contino: Measuring Business Impact of Landing Zones|Consultoría / Cloud services|Transformación Digital|Consulting / Cloud Services|Consulting and Digital Transformation
bQqJpjv-FXs|ēdn: Reinventing Indoor Gardening with AWS IoT Core|Agricultura Urbana / IoT|Agricultura|Urban Agriculture / IoT|Agriculture
cmYI6axlicc|Pirelli: Building a Data Platform at Scale|Automotriz / Manufacturer|Automotriz|Automotive / Manufacturer|Automotive
ZA_0RMeeWpY|Dome9: CloudBots Make Compliance Easy|Seguridad / Cloud Security|Tecnología|Security / Cloud Security|Technology
YlGUMhls9ZA|Veolia: Serverless Solution for Cost Optimization (French)|Utilities / Servicios medioambientales|Recursos Naturales|Environmental Utilities / Services|Natural resources
K5ww_O4vsxo|Samsung Cloud: Global Hybrid Network Optimization|Tecnología / Telecom / Cloud|Tecnología|Technology / Telecom / Cloud|Technology
LYP98nPBj2A|Singtel: Next‑Generation Mobile Financial Services Platform|FinTech / Telecom|Tecnología|Fintech / Telecom|Technology
YrEc8oMIxDs|Thales: Automate Security Threat Detection (French)|Defensa / Seguridad|Tecnología|Defense / Security|Technology
HrYfdnPp6qs|STAX: AWS Automated Data Analytics|FinTech / Analytics|Tecnología|Fintech / Analytics|Technology
6sew_hdI6cY|Triboo: Hosting Magento on Containers|Retail / e-commerce|Retail|Retail / e-commerce|Retail
KM5ONS2fnG0|HP: Serverless Data Pipeline for Manufacturing|Manufactura / Industrial Tech|Tecnología|Manufacturing / Industrial Tech|Technology
qi017F1UwvM|Salesflo: Transforming FieldForce Operations|Logística / SaaS FieldForce|Logística y Transporte|Logistics / Saas Fieldforce|Logistics and transport
5EmA67lSJEs|Extreme Reach: AdBridge Platform|AdTech / Medios|Tecnología|Adtech / Media|Technology
E8wYXtvGy5k|Freightways: Serverless Tracking Solution|Logística / Transporte|Logística y Transporte|Logistics / Transportation|Logistics and transport
hMK2NJ-q9nc|WarnerMedia: Cloudbased Linear Playout System|Media / Broadcast|Tecnología|Media / Broadcast|Technology
GJ1So_pbZWk|Taysols: Recommendation System with SageMaker|Retail / AdTech|Retail|Retail / adtech|Retail
lTSZT10JMQA|Klap: Video Clipping Pipeline (French)|Media / VideoTech|Tecnología|Media / Videotech|Technology
StSuG6-iKW4|ThingCo: Serverless Telematics Platform|Telematics / IoT|Tecnología|Telematics / IoT|Technology
ekXdohpAy5U|Accenture: NLP and Graph DB for Oil & Gas Manufacture|Consultoría / Oil & Gas|Transformación Digital|Consulting / Oil & Gas|Consulting and Digital Transformation
JiWHomdh1oI|Datacoral: Using Serverless to Create Data Pipelines|Tech / Data Engineering|Tecnología|Tech / Data Engineering|Technology
lkDq9g43djw|FINBOURNE: Chaos Engineering Events|FinTech / Trading Tech|Tecnología|Fintech / Trading Tech|Technology
wjtSHyENv0I|Main Street America Insurance: Independent Agent Portal|Seguros / Insurance Tech|Seguros|Insurance / Insurance Tech|Insurance
T048vs9p1h4|DBS Bank: Scalable Serverless Compute Grid|Finanzas / Banca digital|Finanzas|Finance / Digital Banking|Finance
hlVnmCfydIs|Traeger Provisions: Personalizing Customer Support|Food & Beverage / Customer Support Tech|Food|Food & Beverage / Customer Support Tech|Food
oTtPNgcZ05I|Roche: Analytics & ML with Compliance|Pharma / HealthTech|Salud|Pharma / Healthtech|Health
1VcpCVe3tLQ|Swimming Australia: Olympics ML|Deporte / SportsTech|Deportes|Sport / Sportstech|Sports
uhrheMJTV4A|Aizon: Actionable Insights in Regulated Industries|Industrial / HealthTech|Transformación Digital|Industrial / Healthtech|Consulting and Digital Transformation
DxHO2TWVN8I|Equinix: Massive Data Ingest with Serverless Architecture|Data Center / Telecom|Tecnología|Data Center / Telecom|Technology
CsD5bmM6mpY|Linke (Syntax): Business Continuity Framework for SAP|Consultoría / SAP|Transformación Digital|Consulting / SAP|Consulting and Digital Transformation
Jz2RPRhF6Fs|Accolade: Security Excellence in Healthcare|HealthTech / Consultoría|Salud|Healthtech / Consulting|Health
-wLEkq21cvA|Versent: The Migration Factory|Consultoría / Cloud Migration|Transformación Digital|Consulting / Cloud Migration|Consulting and Digital Transformation
RxAmb57NCPM|Zalando: Highly Scalable Data Pipeline|Retail / E‑commerce|Retail|Retail / e -commerce|Retail
wtl7CrSQnHA|Fresenius Medical Care: Patient Care Insights|HealthTech / Medical|Salud|Healthtech / Medical|Health
Vrx9csoawWc|FINRA: Petabyte‑Scale Data Analysis on AWS|Finanzas / Regulatorio (Trading)|Finanzas|Finance / Regulatory (Trading)|Finance
PBa68gCG0Uk|Launchmetrics: Fashion & Beauty Data Insights|Retail / FashionTech|Retail|Retail / Fashiontech|Retail
2L0m28ZLmtE|Sanofi w/ TeamWork: OnDemand Data Science|Pharma / HealthTech|Salud|Pharma / Healthtech|Health
-S-R7MWRpaI|mimik: Hybrid Edge Cloud for Edge Microservice Mesh|Tech / Edge Computing|Tecnología|Tech / Edge Computing|Technology
hnMQFnTGr3I|Nanit: Streams and Analyzes Video from Cameras|Electrónica / IoT|Tecnología|Electronics / IoT|Technology
pk5yddJpC_8|Benevity: Centralized Logging with OpenSearch|Software / CSR Tech|Tecnología|Software / CSR Tech|Technology
qv9q0sFt6aY|LotteOn: BI Platform with Redshift & Glue|Retail / Marketplace|Retail|Retail / Marketplace|Retail
NfUwtK8ALtw|MX Player: Scalable EKS Video Streaming|Media / Streaming|Tecnología|Media / streaming|Technology
-S‑R7MWRpaI|mimik: Hybrid Edge Cloud for Edge Microservice Mesh|Tecnología / Edge Computing|Tecnología|Technology / Edge Computing|Technology
a1sEfGVDpEQ|Swiss Post Ltd: Security & Compliance of AWS Accounts|Logística / Correos / Compliance TI|Transporte y Logística|Logistics / emails / compliance ti|Transportation and logistics
O11BgSm7V14|HeyJobs: Serverless Data Platform for Recruiting|HR Tech / Reclutamiento SaaS|Transformación Digital|HR Tech / Saas Recruitment|Consulting and Digital Transformation
wbh51O3QrE4|Mahindra Electric: EV Platform on AWS|Automotriz / Mobility / Eléctrico|Automotriz|Automotive / Mobility / Electric|Automotive
b93-zn-DtBw|JD Power: Rankings Insights Engine with ML|Media / Ratings / Data Analytics|Tecnología|Media / Ratings / Data Analytics|Technology
illMCyp4O9A|Enel: Management & Analysis of Meters Data|Utilities / Energía / Smart Grid|Energía|Utilities / Energy / Smart Grid|Energy
KiH7hVJKzns|ADP: Unmatched People Data for Extraordinary Outcomes|HR Tech / Nómina y Recursos Humanos|Transformación Digital|HR Tech / payroll and human resources|Consulting and Digital Transformation
9LhiUsg3knw|Musixmatch: How Content is Generated by Users|Media / Música / Crowdsourcing|Tecnología|Media / Music / Crowdsourcing|Technology
6CgqEzyWpeA|SundaySky: Personalized Videos in Real-Time GPU Spot|Media / Marketing Video Tech|Tecnología|Media / Marketing Video Tech|Technology
iwZLadQ3XpY|Riot Games: Data Ingest Pipeline for League of Legends|Videojuegos / Esports / Tecnología|Gaming|Video games / eSports / technology|Gaming
ooVtAAoSH2k|CrowdStrike: Telemetry Streams to Protect Cloud Endpoints|Ciberseguridad / SaaS|Tecnología|Cybersecurity / Saas|Technology
1aYoIZvabbk|OLX Autos: Building Developer Platform for Rapid Global Expansion|Automotriz / Marketplace de autos (medium.com, aws.amazon.com)|Automotriz|Automotive / car marketplace (medium.com, aws.amazon.com)|Automotive
fSV0u48sEVg|Social Quantum: Using Serverless in Gaming|Videojuegos / Gaming Tech / Serverless|Gaming|Video games / gaming tech / serverless|Gaming
ZcY8DG-785w|TMA 2020 Special Episode Reprise: Halodoc|HealthTech / Tele-salud|Salud|Healthtech / Tele-Salud|Health
jzKCg9Z5_8Q|Blackboard Anthology: AWS Environment with 120 Accounts|EdTech / SaaS educativo|Tecnología|EDTECH / SAAS EDUCATIONAL|Technology
PoYiSKUy8sE|Alert Logic: Scaling Storage & Delivery of Petabytes of Search Data|Ciberseguridad / Log Management|Tecnología|Cybersecurity / log management|Technology
W96L6ICcF3s|Samsung Electronics: Developer Portal using Serverless Container Services|Tecnología / Cloud / Contenedores|Tecnología|Technology / Cloud / Containers|Technology
rHLuQTO6eoo|Insider: Ingesting Billions of Data Points Daily to Power Real-Time Products|Medios / Data Analytics|Tecnología|Media / Data Analytics|Technology
unF9tdYjqvU|Nexthink: Going Global with API Gateway, Transit Gateway, Lambda, DynamoDB|Tecnología / IT Ops / SaaS|Tecnología|Technology / IT OPS / SAAS|Technology
tVjrkpjWG5o|Pason Systems: Petabyte Drilling Datamart on AWS|Oil & Gas / Industria de petróleo|Recursos Naturales|Oil & Gas / Petroleum Industry|Natural resources
plce6pRdx6o|Strikingly: Build a Website in 20 Minutes on AWS|Tecnología / Builder Web SaaS|Tecnología|TECHNOLOGY / BUILDER WEB SAAS|Technology
vp2Ipv2_uCg|American Heart Assoc: Serverless & AI Content Discoverable|Salud / Non‑profit Tech|Salud|Health / non -rofit tech|Health
sKksbPPDznM|Macquarie Bank: Securing Payment Websites at the Edge …|Finanzas / Banca / FinTech|Finanzas|Finance / Bank / Fintech|Finance
jg85DzUZ9Ac|Veritiv: Insights to Forecast Sales Demand on AWS Data Lakes|Logística / Supply Chain Analytics|Transporte y Logística|Logistics / Supply Chain Analytics|Transportation and logistics
ihB2dRYLOOI|UltraServe: Application Vending Machine with Runtime Event Control|Tecnología / Infraestructura SaaS|Tecnología|SAAS technology / infrastructure|Technology
BlCXEMp_lqY|Vizio: Smart TV Analytics at Scale|Electrónica / Smart TV / Analytics|Tecnología|Electronics / Smart TV / Analytics|Technology
aQFztbu0BG0|Discover Financial Services: PCI Compliant Data Science Platform|Finanzas / FinTech / Seguridad|Finanzas|Finance / Fintech / Security|Finance
5CwIt-Alqhg|Accenture: Blockchain Circular Supply Chain|Consultoría / Blockchain / Supply Chain|Transformación Digital|Consulting / Blockchain / Supply Chain|Consulting and Digital Transformation
U1kY6nSS2YQ|Amdocs: Tecnología Ecosystem for Telco with Kubernetes|Telecom / TelcoTech|Tecnología|TELECOM / TELCOTECH|Technology
hrhBOOrR5v0|PureWeb: Global 3D Streaming Platform|Media / Streaming Tech|Tecnología|Media / Streaming Tech|Technology
2e3vOxsHekE|Mueller Water Products: Water Intelligent Platform|Utilities / Agua Tech|Recursos Naturales|Utilities / Agua Tech|Natural resources
gD8pzUnXgsU|Liberty Mutual: Real-time Financial Closing on AWS|Finanzas / Seguros Tech|Finanzas|Finance / Insurance Tech|Finance
ww5fiygF6eg|Marathon Oil: Automating Drone Image Processing for Equipment Health|Oil & Gas / Automatización / Drones|Recursos Naturales|Oil & Gas / Automation / drones|Natural resources
LPZlrX2cNjo|RedBus: Optimized ML Models with SageMaker|Transporte / MobilityTech|Transporte y Logística|Transport / Mobilitytech|Transportation and logistics
JG5p-i8Cr2E|ZS Associates: Self-Service Enterprise Data Engineering Platform|Consultoría / DataOps|Transformación Digital|Consulting / Dataops|Consulting and Digital Transformation
cmlhEbm1kPk|DXC Munich Re: Amazon Connect + AWS ML Services|Consultoría / Seguros|Transformación Digital|Consulting / Insurance|Consulting and Digital Transformation
hEB1J9-iOqs|BristolMyers Squibb: Infrastructure-as-Code and AutoPTP|Pharma / HealthTech|Salud|Pharma / Healthtech|Health
A4Lfk1Zz1dE|Spot.io: Optimizing Cloud Infrastructure w/ Cost‑Aware Automation|Tecnología / Cloud Optimization|Tecnología|Technology / Cloud Optimization|Technology
KQ6Fg206O9U|VietJet: Defending Systems from Bad Bots|Aviation / Ciberseguridad|Aeroespacial|Aviation / Cybersecurity|Aerospace
D9qTotVJYss|HBO Max: Using Canaries for Outside-in Validation|Media / Streaming Quality Assurance|Tecnología|Media / streaming Quality Assurance|Technology
JRDGId6N49E|TRI-AD: Distributed Training Platform|Automotriz / Investigación IA|Automotriz|Automotive / Research IA|Automotive
bqZWYmRAka0|DBS Bank: Architecting Quant Pricing Engine with ElastiCache|Finanzas / FinTech / Banca|Finanzas|Finance / Fintech / Bank|Finance
mT4KDGRgo4k|Heimdall Data: Scale‑Out Amazon RDS with Strong Consistency|Tecnología / Base de datos / Proxy DB (youtube.com, heimdalldata.com)|Tecnología|Technology / database / proxy dB (YouTube.com, heimdalldata.com)|Technology
O5Sn5QCEAzE|Credimi: Processing and Metadata Extraction of Invoices for Factoring (Italian)|FinTech / Factoring / OCR SaaS|Tecnología|Fintech / Factoring / OCR SAAS|Technology
D77FSUkPJ3o|Avio Aero, a GE Aviation Business: Serverless App to Manage Expense Purchase Approvals|Aeroespacial / FinOps SaaS|Aeroespacial|AERAPACIAL / FINOPS SAAS|Aerospace
Gds8hl8dKuo|Fugue: Staying in Compliance by Automating Drift Detection|Tecnología / Ciberseguridad / Compliance|Tecnología|Technology / cybersecurity / compliance|Technology
53sUjFv9ByI|Neumora Therapeutics: Enabling DNA and RNA Data Insight for Rapid Genomics Sequencing|Salud / Bioinformática / Genómica|Salud|Health / bioinformatics / genomics|Health
9Cg81Xgg7LQ|Pushpay Holdings Ltd: Strangling a Monolith While Moving to Microservices|Tech / FinTech / SaaS (pagos religiosos)|Tecnología|TECH / FINTECH / SAAS (Religious Payments)|Technology
jBffL9zUCSE|The New York Times: Giving Developers Freedom to Deploy While Governing Cloud Services at Scale|Media / Publishing / Cloud Governance|Tecnología|Middle / Publishing / Cloud Governance|Technology
aY-wF9g0qkM|globaldatanet: AI to Build Multi‑Tenant SaaS Construction Site Monitoring|Construcción / PropTech / AI SaaS|Tecnología|Construction / Proptech / AI SAAS|Technology
Cgv0kfp_6xQ|Snap: Journey of a Snap on Snapchat Using AWS|Media / Social / Streaming|Tecnología|Medium / social / streaming|Technology
F4KDOGNpSoI|Pernod Ricard: Shortening URLs Global Scale with Low Latency (French)|Consumo / Bebidas / Data Analytics|Consumo|Consumption / Data Analytics|Consumption
SpIlpGxuwFM|Northwestern Mutual: Reducing CI/CD Cycle Time with AWS CDK Serverless|Finanzas / Seguros / DevOps|Finanzas|Finance / Insurance / Devops|Finance
yXpd8gPfows|Inawisdom: Insurance Companies Using IDP to Optimize Document Processing|InsurTech / RPA / IDP|Tecnología|INSURTECH / RPA / IDP|Technology
Ly_UhX3LCCs|AWS Solutions: Simple and Secure Media Exchange on AWS|Tecnología / Media Streaming|Tecnología|Technology / middle streaming|Technology
Kebb0LOVC28|Openfit: ChatOps with Slack and AWS Lambda|HealthTech / Fitness / SaaS|Salud|Healthtech / Fitness / Saas|Health
mpgM2qeAfaQ|Brain Power Fidgetology: Body Language Analysis with Serverless & AI|Salud / NeuroTech / AI|Salud|Health / neurotech / ai|Health
7LziNjUTo7w|IHS Markit: Virtual Instructor‑Led Trainings|Finanzas / Data / EdTech|Finanzas|Finance / Data / Edtech|Finance
XmIhHtPJWog|HDI Group: Automated Security & Compliance using Cloud Native|Insurance / InsurTech / Security|Seguros|Insurance / Insurtech / Security|Insurance
Ujs9o3CXUTU|Telefónica Tecnología AI of Things: Insights & ML with AI Suite|Telecom / IoT / AI|Tecnología|TELECOM / IOT / AI|Technology
lecbHMBD8KQ|Kaleido: Blockchain Cloud at AWS Speed|Tecnología / Blockchain / Web3|Tecnología|Technology / Blockchain / Web3|Technology
wzGYJ6BB0iY|Tata Global Beverages: Secure SAP Platform|Consumo / Bebidas / Enterprise Tech|Consumo|Consumption / drinks / Enterprise tech|Consumption
o6DZRwe30Ls|ArcBlock: QLDB – Decentralized Identity Solution|Blockchain / IdentityTech|Tecnología|Blockchain / Identitytech|Technology
bxvZBfbyhiA|OnScale: Deploying HPCs for CAE Workloads on AWS|Software / Ingeniería / HPC SaaS|Tecnología|SOFTWARE / ENGINEERING / HPC SAAS|Technology
bikXzsVihF4|United Airlines: AWS Backup to Protect Data from Ransomware|Aerolíneas / Cloud Security|Aeroespacial|Airlines / Cloud Security|Aerospace
lA0lAgN0hTI|Irdeto: Multi DRM Solution on Kubernetes|Seguridad / Media DRM|Tecnología|Security / Media DRM|Technology
acm-HWJhEOA|Careem: Identity‑Based Fraud Detection with Neptune ML|Transporte / Ride‑hailing / FinTech|Logística y Transporte|Transport / Hailing / Fintech|Logistics and transport
tBavPTWewvI|ACV Auctions: Scalable Auction Requests Platform|Automotive / Marketplace / Auctions Tech|Tecnología|Automotive / Marketplace / Auctions Tech|Technology
aN26J-7q9Hw|Qonto: Serverless Tecnologíanologies for PCI DSS Compliance (French)|FinTech / Neobanco / Compliance|Tecnología|Fintech / Neobanco / Complence|Technology
rPGLNw1cOGM|3M: Parallel Serverless Workflows for Materials Science|Manufactura / Ciencia de Materiales|Manufactura|MANUFACTURE / MATERIAL SCIENCE|Manufacture
WxMBuBBIwpI|NextRoll: Driving OpEx Efficiency for Ad Bidding Engines LIVE|Marketing Tech / AdTech|Tecnología|Marketing tech / adtech|Technology
Ozbv9qBsDG8|Clumio: Enterprise Backup as a Service with AlwaysOn Security|Tecnología / Backup SaaS / Cloud Security|Tecnología|Technology / Backup Saas / Cloud Security|Technology
uWUAcc68MWI|AWS Solutions: RealTime IoT Device Monitoring with Kinesis Analytics|IoT / Monitoring / Electrónica|Tecnología|IoT / MONITORING / ELECTRONIC|Technology
lcLw-Le_tXQ|Bitmovin: Distributed Video Encoding on AWS|Media / Video Streaming / SaaS (pages.awscloud.com, bitmovin.com)|Tecnología|Media / Video Streaming / Saas (pages.awscloud.com, Bitmovin.com)|Technology
az-C2c33trQ|Adikteev: ROI Analysis of Advertising Campaigns|MarTech / AdTech|Tecnología|Marsch / Adtech|Technology
INog0_9tCtY|Threat Stack: Proactive Risk Identification & Real-time Threat Detection|Ciberseguridad / Cloud Security|Tecnología|Cybersecurity / Cloud Security|Technology
CE03UMddoYU|WEGoT aqua: Scaling IoT Platform for Water Management & Sustainability|Utilities / IoT / Sustainability|Tecnología|Utilities / IoT / Sustainability|Technology
Yju3yReAQtc|Fortinet Uses AWS Serverless for Highly Available ControlPlane for FortiWeb CloudWAF|Ciberseguridad / WAF / Cloud Security|Tecnología|Cybersecurity / WAF / Cloud Security|Technology
R-DPMUjZEf4|Logicworks: HIPAA Compliance and SSL Termination with Thousands of Certificates|HealthTech / Compliance / MSP|Salud|Healthtech / Compliance / MSP|Health
k7h0jpLcWdE|Carano Software Solutions: Accelerate Adoption of Microservices with Serverless|Cloud Consulting / DevOps|Tecnología|Cloud Consulting / Devops|Technology
4zVB5RbSTCo|Electroneum: Mobile Cryptocurrency Mining!|Crypto / Blockchain / Mobile Mining|Tecnología|Crypto / Blockchain / Mobile Mining|Technology
LD5ksgnu8r8|DXC: Claims Automation Using Amazon Textract and Comprehend|InsurTech / RPA / Document AI|Tecnología|INSURTECH / RPA / DOCUMENT AI|Technology
ItpY_KKR94k|The Orchard: Kafka Data Highway Boosting Developer Productivity|Media / MusicTech / Streaming Pipeline|Tecnología|Media / Musictech / Streaming Pipeline|Technology
2XVgpMwY5iE|Keen Eye: Deep Learning for Digital Pathology Image Analysis|HealthTech / AI Pathology|Salud|Healthtech / AI Pathology|Health
HwHVFWdczVw|MailUp Group: Marketing Campaign Planning & Management Italian|MarTech / Email Marketing|Tecnología|Marsch / Email Marketing|Technology
9JwZKseE9lc|This is My Architecture: Security Customer Spotlight|Tech / Cloud Security Spotlight|Tecnología|Tech / Cloud Security Spotlight|Technology
90rWUjKjnAE|amazee.io: Kubernetes Deployments Made Easy|Cloud Consulting / WebOps|Tecnología|Cloud Consulting / Webps|Technology
l0mvXogANE4|Smadex: Billions of Ads with ElastiCache for Redis|AdTech / Cache Optimization|Tecnología|Adtech / Cache Optimization|Technology
6YkguepAQuQ|Aetion: Deploy Applications with AWS Developer Tools|HealthTech / Real‑World Evidence SaaS|Salud|Healthtech / Real -World Evidence Saas|Health
jpewc52m4tg|Viz.ai: Improving Outcomes for Stroke Victims Using AI|HealthTech / AI Diagnostics|Salud|Healthtech / AI Diagnostics|Health
FqCs3BD6qvo|Accellion kiteworks: CI/CD Platform with EC2 Spot|Cyber/File Security / Enterprise SaaS|Tecnología|Cyber ​​/ File Security / Enterprise Saas|Technology
wzj2VQutJws|DataDog: Scaling Kubernetes with Metaclusters on AWS|Observabilidad / Cloud Monitoring|Tecnología|Observability / Cloud Monitoring|Technology
OrC9cLYMbas|Telecoming: Fargate Spot for Test Automation Platform|TelcoTech / Test Automation|Tecnología|Telcotech / Test Automation|Technology
DkPPwq517aE|Enimbos: Saving Costs Platform with Serverless Compute|FinTech / Cost Optimization|Tecnología|Fintech / Cost Optimization|Technology
D_4dsXVqzMs|Met Office: Serverless National Severe Weather Warning System|Government / Public Safety / ClimateTech|Government|Government / Public Safety / Climatetech|Government
rRvy5Fbei1s|Dentsu Tracking: Serverless EU Govt Supply‑Chain Control System|MarTech / Public Sector / Supply Chain|Tecnología|Marsch / Public Sector / Supply Chain|Technology
jV8DwutbXbg|Tandem Bank: Processing Transaction Data using Lambda + NLP|FinTech / Banking AI|Tecnología|Fintech / Banking ai|Technology
DrkaU99l9S8|L&T Tecnologíanology Services: Monitoring Industrial Equipment Health with IoT|Industrial IoT / Predictive Maintenance|Tecnología|IoT / Predictive Maintenance Industrial|Technology
_iHahE9-0e8|This is My Architecture: Analytics Customer Spotlight|Cloud Analytics / Case Study|Tecnología|Cloud Analytics / Case Study|Technology
w-qGSyzDL6g|Zillow: Natural Language Processing for Customer Interactions|PropTech / NLP|Government|Proptech / NLP|Government
KywvGM6HVXI|Capillary Tecnologíanologies: OmniChannel Data Ingestion Platform|Retail Tech / Omni‑Channel|Retail|TECH / OMNI -channel retail|Retail
uQFtb0iMC_s|AWS Solutions: Media Analysis|Media / Analytics|Tecnología|Media / Analytics|Technology
zqiNLMmEeSo|CloudPlex Media: Serverless Online Video Platform|Media / Streaming / SaaS|Tecnología|Media / streaming / saas|Technology
6iK4WNj6QqI|Ticketmaster: Active‑Active Multi‑Region Checkout|EventTech / Ticketing Platform|Tecnología|Eventtech / Platform Ticketing|Technology
R‑DPMUjZEf4|Logicworks: HIPAA Compliance and SSL Termination|HealthTech / Compliance Tech|Salud|Healthtech / Complence Tech|Health
w‑qGSyzDL6g|Zillow: NLP for Customer Interactions|PropTech / NLP|Tecnología|Proptech / NLP|Technology
8TExnSvZqt0|AxiomSL's RegCloud®️: Secure & Scalable Risk & Regulatory Reporting on AWS|FinTech / Risk & Regulatory Reporting (youtube.com, nasdaq.com)|Tecnología|Fintech / Risk & Regulatory Reporting (YouTube.com, Nasdaq.com)|Technology
KzJKdUZ3Ba4|PwC: Streamlining Asset Tracking with Amazon Managed Blockchain|Consultoría / Supply Chain Tech / Blockchain|Transformación Digital|Consulting / Supply Chain Tech / Blockchain|Consulting and Digital Transformation
c6yBZBMwtLk|RSI: Modernizing Audio and Video Content Management (Italian)|Media / Content Management Tech|Tecnología|Media / Content Management Tech|Technology
wE3TmHxyRdA|Innovapost: Scaling to 5M Package Deliveries with Serverless|Logística / e‑commerce / Serverless|Logística y Transporte|Logistics / E -Commerce / Serverless|Logistics and transport
yPJf85tjv6M|HK01: Serverless Clickstream Analytics (Cantonese)|Media / Analytics|Tecnología|Media / Analytics|Technology
Dp3YAxFp-YM|Alef Education: Adaptive Learning System for K12 on AWS|EdTech / Educación personalizada|Tecnología|EDTECH / PERSONALIZED EDUCATION|Technology
H51Ups01ZpU|AT&T: Bringing IoT to the Enterprise|Telecom / IoT|Tecnología|Telecom / IoT|Technology
vp8oPiHN4cA|Novartis: AI‑powered Procurement Portal|Pharma / HealthTech / AI|Salud|Pharma / Healthtech / AI|Health
BZ32w0SSAoY|PixelStrings by Cinnafilm: Platform for Video/Audio Optimization|Media / Post‑production Tech|Tecnología|Media / Post -Production Tech|Technology
XGVWdSnml6A|Toyota Research Institute: Self-Service Portal for Data Scientists|Automotriz / Investigación / PropTech|Automotriz|Automotive / Research / Proptech|Automotive
sezX7CSbXTg|Taco Bell: Order Middleware for Massive Scale|FoodTech / Fast Food Tech|Food|Foodtech / Fast Food Tech|Food
JSBB-BCvavQ|Talabat: Migration Strategies|Food Delivery / Marketplace|Food|Food Delivery / Marketplace|Food
66fPHLmvikk|ContentWise: SageMaker in Production (Italian)|Media / Personalization Tech|Tecnología|Media / Personalization Tech|Technology
vr00Jg_G6qs|Orion Health: Digital Front Door for Healthcare|HealthTech / SaaS Médico|Salud|Healthtech / Saas Medical|Health
mtZvA7ARepM|Temenos: Serverless Banking Software at Scale|FinTech / Banca – Core Banking SaaS|Tecnología|Fintech / Bank - Core Banking Saas|Technology
9-6hQdFeolc|Lyniate: Healthcare Data Exchange at Scale|HealthTech / Interoperability|Salud|Healthtech / interoperability|Health
07lfvavMdfU|Levels Beyond: Digital Content Orchestration|Media / Content Orchestration|Tecnología|Media / Content Orchestration|Technology
ilsJgwcAshE|Amagi: Broadcast Playout on AWS|Media Tech / Broadcast|Tecnología|Half Tech / Broadcast|Technology
zmJ7rL1iQBY|Fidelity Investments: Containers at Scale with EKS|Finanzas / Asset Management / Tech Ops|Finanzas|Finance / Asset Management / Tech Ops|Finance
nvhG60gFbso|JFrog: Secure Software Artifact Distribution via SaaS|DevOps / Software Delivery / SaaS|Tecnología|Delivery / Saas Software|Technology
99nNHsbwBpg|SkyScanner: Multi‑Region Kubernetes on AWS|TravelTech / SaaS / Infraestructura|Logística y Transporte|Traveltech / Saas / Infrastructure|Logistics and transport
Felt-hOU6kU|Xero: Self-Service Developer Portal for Thousands of Devs|FinTech / Accounting SaaS|Tecnología|Fintech / Accounting Saas|Technology
gpWR5JBC64A|FoodHub: Massive Scale Order Processing (Serverless)|FoodTech / Restaurant Tech|Food|Foodtech / Restaurant Tech|Food
9yziTe6lBwk|Ânima Educação: Digitizing Student Experience for Colleges|EdTech / Educación Superior|Tecnología|EDTECH / Higher Education|Technology
QM96Fv_NAnw|INT: Seismic Data Visualization Platform|Utilities / Oil & Gas / Data Visualization|Tecnología|Utilities / Oil & Gas / Data Visualization|Technology
UsngU-HjH_Q|ViacomCBS: Multiplatform Distribution Platform|Media / Entertainment / OTT|Tecnología|Media / Entertainment / Ott|Technology
OuQvFd44vw4|econda GmbH: Real‑Time Personalization Engine with SageMaker|Retail / Personalization Tech|Retail|Retail / Personalization Tech|Retail
ktonI7J3kLY|Grabyo: Serverless Smart Capacity Provisioning for Video Orchestration|Media / Live Video SaaS|Tecnología|Media / Live Video Saas|Technology
CTG23wd9H74|3M: HPC Modeling Platform for Scientists and Engineers|Manufactura / Ciencia / HPC|Industria|MANUFACTURE / SCIENCE / HPC|Manufacture
-ahWdCysMYw|Summit Tecnologíanology Group: Multi‑Tenant Data Consumption Model|Cloud Consulting / Multi‑Tenant SaaS|Tecnología|Cloud Consulting / Multi -Tanant Saas|Technology
5f3z1Z_9BJA|Capgemini: Refactoring Data Warehouse to Redshift|Consultoría / Data Warehousing|Transformación Digital|Consulting / Data Warehouseing|Consulting and Digital Transformation
yVgxqT1vikk|Intent: Analyzing Billions of Customer Events Using Serverless|MarTech / Customer Analytics|Tecnología|Marsch / Customer Analytics|Technology
mmM_JnYygZM|SHOPLINE: E‑Commerce O2O Platform (Cantonese)|Retail / E‑commerce|Retail|Retail / e -commerce|Retail
BPvr0qWpJlA|ContactSuite: Omni‑Channel Service Desk Workflow|Customer Service / SaaS|Transformación Digital|Customer Service / Saas|Consulting and Digital Transformation
U1P8vZTEB-k|GSR: Crypto Market Maker and Ecosystem Partner|Crypto / FinTech|Tecnología|Crypto / Fintech|Technology
X3mC6Yfd138|PredictHQ|Data Intelligence / Demand Forecasting|Tecnología|Data Intelligence / Demand Forecasting|Technology
9qTEHITVeLE|Majid Al Futtaim|Retail / Data Management|Retail|Retail / Data Management|Retail
YT21s0_ZJVQ|AMPOS|HRTech / Regional Operations|Tecnología|HRTECH / REGIONAL OPERATIONS|Technology
7V8wTCkjOqo|NAB|FinTech / Banking / Cloud Governance|Tecnología|Fintech / Banking / Cloud Governance|Technology
S85DeDgWQSc|San Diego Gas & Electric|Utilities / Energy / ML for Disaster Prevention|Energía|Utilities / Energy / ML For Disaster Prevention|Energy
5QbKp0LQaZo|GumGum Verity|AdTech / PrivacyTech / NLP|Tecnología|Adtech / Privacytech / NLP|Technology
Fd2c7NDYfpo|Publicis Sapient|Consultoría / Multi-account SaaS Deployment|Transformación Digital|Consulting / Multi-Account Saas Deployment|Consulting and Digital Transformation
XG6mHvi4eNU|Avaloq|FinTech / Banking SaaS / Kubernetes|Tecnología|Fintech / Banking Saas / Kubernetes|Technology
37T7Nd8pL-c|Docebo|EdTech / eLearning AI|Tecnología|Edtech / Elearning AI|Technology
nflGdpwbf54|Vertex Pharmaceuticals|HealthTech / Pharma R&D / Serverless|Salud|Healthtech / Pharma R&D / Serverless|Health
QuyZHin9B70|Veritas|Cloud Storage / Infraestructure / Data Mgmt|Tecnología|Cloud Storage / Infrastructure / Data MGMT|Technology
6LcSv9XocTY|Intuit|FinTech / Customer Service|Tecnología|Fintech / Customer Service|Technology
3WgTBTDlQN8|FanFight|Gaming / Fantasy Sports|Gaming|Gaming / Fantasy Sports|Gaming
mq3XuoN0rUM|ZS Associates|Consultoría / AI Automation|Transformación Digital|Consulting / AI Automation|Consulting and Digital Transformation
7dtomip_VXc|Akatsuki|Gaming / Game Servers / ECS|Gaming|Gaming / Game Servers / ECS|Gaming
gu54VVeDD10|FPL Tecnologíanologies|FinTech / Credit / ML Workbenches|Tecnología|Fintech / Credit / ML Workbenhes|Technology
WYK-smWKywA|SGX|FinTech / Securities / Trading App|Tecnología|Fintech / Securities / Trading App|Technology
XpFNznmRoQ0|Healthfirst|HealthTech / DataOps / Event-driven|Salud|Healthtech / Dataops / Event-Driven|Health
cRxvZBIa-gI|Equifax|FinTech / Credit Reporting / Cloud Infra|Tecnología|Fintech / Credit Reporting / Cloud Infra|Technology
Qz8uXtDC1bY|Fundbox|FinTech / Lending / Serverless Analytics|Tecnología|Fintech / Lending / Serverless Analytics|Technology
Ccutfm_Srzw|Zulily|Retail / Search / MongoDB|Retail|Retail / Search / Mongodb|Retail
asZIXK7V-U4|Ounass|Retail / Recommender Systems / ML|Retail|Retail / Recommend Systems / ML|Retail
RU__HBEMDvQ|BookMyShow|Entertainment / Ticketing / Data Analytics|Entertainment|Entertainment / Ticketing / Data Analytics|Entertainment
ameanoaMldM|Bristol-Myers Squibb|Pharma / DevOps / Service Catalog|Salud|Pharma / Devops / Service Catog|Health
qgW8LQ8iBuA|Hancom|Office Tools / Real-time Collaboration|Tecnología|Office Tools / Real-Time Collaboration|Technology
66h7DrOEF5k|ABEJA|AI Platform / Container Tech / Japan|Tecnología|Ai Platform / Container Tech / Japan|Technology
HcmEFZukA-Y|7-Eleven|Retail / Serverless / Digital Wallet|Retail|Retail / Serverless / Digital Wallet|Retail
1SwHH7qQ6Pc|Advance Local|Media / Collaboration / Serverless|Tecnología|Media / Collaboration / Serverless|Technology
1ZLiRT0C2Yo|T-Mobile|Telecom / Container Infra|Tecnología|TELECOM / CONTAINER INFRA|Technology
K27WjYwyqw8|Next Caller|Security / Fraud Detection / SageMaker|Tecnología|Security / fraud detection / sagemaker|Technology
iWK0iRUi-b4|Snyk|DevSecOps / CI-CD Security|Tecnología|Devsecops / CI-CD Security|Technology
x76BIV88j_M|Cabify|Mobility / Ride-sharing / Containerized Apps|Logística y Transporte|Mobility / Ride-Sharing / Containerized Apps|Logistics and transport
FHdtOtznWuA|SoftChef|IoT / Serverless / Mandarin market|Tecnología|IoT / Serverless / Mandarin Market|Technology
pwrdLJx0iAU|Cal Poly|EdTech / DevOps / IAM|Tecnología|EDTECH / DEVOPS / IAM|Technology
uOSpWdAyrZo|HBO Max|Media / Infra Monitoring / Misconfig Remediation|Tecnología|Media / Infra Monitoring / Misconfig Remediation|Technology
XgJUsBDQILQ|Klika Tecnología + Stonehenge|IoT / Smart Living / Alexa|Tecnología|IoT / Smart Living / Alexa|Technology
ccPhkyPm_3w|Imperva|Cybersecurity / Streaming Analytics / MSK|Tecnología|Cybersecury / streaming analytics / msk|Technology
TTlyNWh0gjM|Zoho Site24x7|Monitoring / Observability / SaaS|Tecnología|Monitoring / Observability / SAAS|Technology
aOZ4H98XROc|Cyxtera|Cybersecurity / Zero Trust / Hybrid Cloud|Tecnología|Cybersecury / Zero Trust / Hybrid Cloud|Technology
amh7nzl32v4|Melco Resorts & Entertainment: Serverless Architecture Pattern for Melco Club Mobile App|Entretenimiento / Arquitectura serverless|Entertainment|SERVERLESS ENTERTAINMENT / ARCHITECTURE|Entertainment
Wk9mCHyjtBU|Veracode: Eliminating Application Security Bugs Through DevSecOps at Scale|Ciberseguridad / DevSecOps|Tecnología|Cybersecurity / Devsecops|Technology
j-lPgPGBTwQ|Halter:Building the Future of Farming with IoT Enabled Livestock and Pasture Management|AgroTech / IoT en agricultura|Agricultura|Agrotech / IoT in Agriculture|Agriculture
f5EJBUfGZtw|Expedia: Salesforce Integration with AWS|Turismo / Integración CRM|Logística y Transporte|Tourism / CRM Integration|Logistics and transport
hbz63Ve-eIY|Wix: Serverless Platform for End-to-End Browser Testing using Chromium on AWS Lambda|Tecnología / Testing automatizado|Tecnología|Automated Technology / Testing|Technology
q_5U7z_vNug|Flutura: Digital Twin - Shaping Operations for Maximizing Yield, Reliability and Net-Zero Goals|Industria / Digital Twin|Transformación Digital|Digital / Digital Twin|Consulting and Digital Transformation
u3ZwnulzLnU|SonarSource: Automatic Code Analysis in the Cloud with AWS|Tecnología / Análisis de código|Tecnología|Technology / Code Analysis|Technology
mZxF1IJEsaY|Zappos: Back Office Migration starring Amazon ECS and Amazon Aurora|Retail / Migración de infraestructura|Retail|Retail / infrastructure migration|Retail
hf9nMAG9XoU|Taco Bell: Aurora as The Heart of the Menu Middleware and Data Integration Platform for Taco Bell|FoodTech / Integración de datos|Food|Foodtech / data integration|Food
Bi-1xjXvKgs|tixCraft: Handling Millions of Ticketing Requests with AWS|Entretenimiento / Ticketing|Entretenimiento|Entertainment / Ticketing|Entertainment
kD57QUn5myc|AWS Solutions:  AI Powered Speech Analytics for Amazon Connect|Tecnología / Contact Centers con IA|Tecnología|Technology / Contact Centers with AI|Technology
_vjB_vF4Uec|Nasuni: Building a Global File Lock Service on AWS|Tecnología / Cloud Storage|Tecnología|Technology / Cloud Storage|Technology
WS2Qgx0qgCM|Airbnb: Securing MultiTenant Kubernetes Clusters at Scale|Turismo / Seguridad en Kubernetes|Logística y Transporte|TOURISM / KUBERNETES SECURITY|Logistics and transport
phN08pi3YzY|Fiverr: Simplifying PCI DSS Compliance with Fully Managed Services|Servicios / Cumplimiento PCI-DSS|Transformación Digital|PCI-DSS Services / Compliance|Consulting and Digital Transformation
dAQhNjwkOX8|Cation Consulting: How to Build a Scalable Chatbot and Deploy to Europe's Largest Airline|Consultoría / Chatbots escalables|Transformación Digital|Scalable Consulting / Chatbots|Consulting and Digital Transformation
SC6n6J8Bi58|EMnify: Building a Cloud Native Mobile Network for IoT Leveraging AWSs Global Infrastructure|Telecomunicaciones / IoT|Tecnología|Telecommunications / IoT|Technology
G5tNCpmD2uQ|Voodoo: Perform Recommendations Using Machine Learning (French)|Entretenimiento / ML en apps|Entretenimiento|Entertainment / ml in apps|Entertainment
0wnNlOg42dc|Spyne.AI: High-Quality Product Visuals at Scale with AI on AWS|Marketing / Visualización de productos con IA|Marketing|Marketing / visualization of products with AI|Marketing
uBiaWJbTRsE|Western Union: Using Service Catalog to Share Applications|Finanzas / Gestión de servicios|Finanzas|Finance / Service Management|Finance
dy-drIboyNA|Healthdirect Australia: Using AWS to Connect People with Healthcare|Salud / Plataformas de conexión|Salud|Health / Connection Platforms|Health
c2TGPlvAHLs|NuData Security: Identity Validation with Amazon SageMaker|Ciberseguridad / Validación de identidad|Tecnología|Cybersecurity / identity validation|Technology
KgRib8AM0fs|Hudl: Ingesting and Transcoding Video Data Using AWS|Deporte / Procesamiento de video|Deportes|Sport / video processing|Sports
1tGmQd0yOzE|Whirlpool: Resilient SAP on AWS|Manufactura / SAP resiliente|Industria|Manufacturing / resilient sap|Manufacture
mxKhbU_ToMs|MindTouch: Modernizing Legacy C Applications to NET Core on AWS Lambda|Tecnología / Modernización de aplicaciones|Tecnología|Technology / Application Modernization|Technology
U8xlmurP-6o|Simplex: Building a Scalable Serverless Cryptocurrency Platform|Finanzas / Criptomonedas|Finanzas|Finance / cryptocurrencies|Finance
cZuoiXQ0xUk|Leaven: Machine Learning at Massive Scale to Protect Human Life|Ciencia / ML para protección de vida|Educación|Science / ml for life protection|Education
ftIdBG-UgFY|AQR: Using ECS to Provide Dev Teams Security & Authentication on a Scalable Container Platform|Finanzas / Seguridad en contenedores|Finanzas|Finance / Safety in Containers|Finance
fOgb0Es-lVs|Deluxe One: Unifying Modern Content Creation and Delivery at Scale|Media / Distribución de contenido|Tecnología|Mean / content distribution|Technology
aOY6YCpcjz8|HubSpot: Task Queueing System Built on top of Amazon SQS|Marketing / Gestión de tareas|Marketing|MARKETING / TASK MANAGEMENT|Marketing
vb-o1DvvHxk|Enoptea: PHP Layer for AWS Lambda French|Tecnología / Frameworks serverless|Tecnología|Technology / Frameworks Serverless|Technology
H_S7CxtHgSM|Raiffeisen Bank International: Automated Integration of On‑Premises Key Management with AWS KMS|Finanzas / Banca / Seguridad TI|Finanzas|Finance / Banking / Safety Ti|Finance
PgeQufaQy7I|MindTickle: Secure, Automated, Multi‑Region Architecture on AWS|Tecnología / Sales Enablement SaaS|Tecnología|Technology / Sales Enablement Saas|Technology
r2xfxJ-sXMY|Haptik: Data Lake for Conversational AI|Tecnología / Conversational AI / SaaS|Tecnología|Technology / Conversation AI / SAAS|Technology
Qi9soN5bpU4|ITTStar: AI‑powered Search of Luxury Goods for Retailers|Retail / e‑commerce / AI|Retail|Retail / e -commerce / ai|Retail
6EUknQqaV1w|CloudHealth by VMware: Secure State & 50M+ Assets on AWS|Cloud Management / Infraestructura TI|Tecnología|Cloud Management / Ti Infrastructure|Technology
kszaIJEnKPk|ResMed: Improving Patient Outcomes with Serverless at Scale|Salud / HealthTech|Salud|Health / Healthtech|Health
nt4lQx6tAI8|Wall Street Journal: Enhancing Real‑Time Newsroom with AWS AppSync|Media / Publishing / Streaming|Tecnología|Media / Publishing / Streaming|Technology
SxFag4CMWU8|Sisense: EKS & FSx for Multi‑Source Data Ingestion|Business Intelligence / Data Analytics|Transformación Digital|Business Intelligence / Data Analytics|Consulting and Digital Transformation
0JxJpNjI9Y0|Washington Post: Content Management with Speed|Media / Publishing Tech|Tecnología|Media / Publishing Tech|Technology
Wur1GWB03hk|Lockheed Martin: Alexa for Secure Program Management|Defensa / Empresas aeroespaciales / IoT|Aeroespacial|Defense / Aerospace Companies / IoT|Aerospace
EW4X5z7m-0U|Vanguard: Modern Network TAP Solution for the Cloud|Finanzas / Gestión de infraestructura TI|Finanzas|Finance / Ti Infrastructure Management|Finance
QJZHs1CSxu0|Define Media: Low‑Latency Ad Placement using ML|Media Tech / AdTech|Tecnología|Half / Adtech|Technology
0F7KDLz-kIQ|Zigbang: Serverless + ECS API + CDK|PropTech / Inmobiliaria digital|Transformación Digital|Proptech / Digital Real Estate|Consulting and Digital Transformation
8ZRWzn0G39g|Replicon: Multi-Tenant SaaS with BYOK Encryption|Tecnología / Enterprise SaaS / Seguridad|Tecnología|Technology / Enterprise Saas / Security|Technology
QnwfcDZkwh8|Mediaset: Omni‑Channel Broadcasting Voting System|Medios / Broadcasting|Tecnología|Media / Broadcasting|Technology
m8CBJEyHKIM|Dream11: Cost‑Effective Compute for Scaling Microservices|Gaming / SportsTech|Gaming|Gaming / Sportstech|Gaming
XqsgQxyZ2Tw|1plusX: Real‑Time Data Platform on AWS|Retail Tech / Orden en tiempo real|Retail|Retail Tech / Order in Real Time|Retail
2f_NYiPJQt4|Appway: Securing Banking Workflows with Isolated Architecture|FinTech / Banca Segura|Tecnología|Fintech / Segura Bank|Technology
sQsAGl7mSQs|Eyeota: ML Lifecycle for Advertising Audience Discovery|AdTech / Data Pipeline|Tecnología|Adtech / Data Pipeline|Technology
IV3KuMGVNXI|Deep Instinct: RT Security with Lambda@Edge|Ciberseguridad / Detección en tiempo real|Tecnología|Cybersecurity / real -time detection|Technology
DnTQ3matqts|ecofit: Responsive Lambda-based Microservices|Tecnología / Microservicios / SaaS|Tecnología|Technology / Microservicios / SAAS|Technology
Pc7_uOdlGKo|Panasonic Avionics: ML for In‑Flight Entertainment|Aeroespacial / Entretenimiento|Aeroespacial|Aerospace / entertainment|Aerospace
-3lnf5lzsH0|MakeMyTrip: Next‑Gen SOC on AWS|TravelTech / Seguridad operacional|Logística y Transporte|Traveltech / Operational Security|Logistics and transport
ZPsBzAwJzoI|NAGRA: NexGuard Watermarking for Streaming Security|Media / DRM / Seguridad|Tecnología|Media / DRM / Security|Technology
mKZw29_UtoU|Miriade: Forecasting Car Parking Availability (Italian)|Smart City / IoT Transport|Tecnología|Smart City / IoT Transport|Technology
j9OZ-7aCAyA|Homesite: Analytics Platform Using Amazon Neptune|PropTech / Real Estate Analytics|Seguros|Proptech / Real Estate Analytics|Insurance
_EPfIJnBCoM|PayGo: Smart Meters for Energy Conservation|Utilities / IoT / EnergyTech|Finanzas|Utilities / IoT / Energytech|Finance
a59halVklMI|Ashok Leyland: Running Telematics at Scale|Automotriz / Logística / Telemetría|Automotriz|Automotive / Logistics / Telemetry|Automotive
M_hqigB9C4I|Innovaccer: Healthcare Data Insights to Empower Care Teams|HealthTech / DataOps|Salud|Healthtech / Dataops|Health
8s0wGRkiDrw|Mobilewalla: S3 Access Monitoring Using ML|Telecom / Big Data Security|Tecnología|Telecom / Big Data Security|Technology
ZCj2wuKBBu4|Nike: Social Graph at Scale with Amazon Neptune|Retail / Sportswear Tech|Retail|Retail / Sportswear Tech|Retail
u5AT15mgbHk|Trade Desk: Real‑Time Ad Bidding with AWS Global Accelerator|AdTech / RTB / Marketing|Tecnología|Adtech / RTB / Marketing|Technology
-kA0ahrhX3I|Oportun: Sensitive Data Discovery Using Macie|FinTech / Compliance / Data Privacy|Tecnología|Fintech / Compliance / Data Privacy|Technology
AS2JeM2FUzE|Intellect Design Arena: Insurance Risk Assessment with FABRIC Data Services|InsurTech / RiskTech|Tecnología|Insurtech / Risktech|Technology
Xi6tDqctLsY|Salary Overflow: Bringing Transparency to Tecnología Salaries|Tech / HR / Salary Transparency|Tecnología|Tech / hr / salary transparency|Technology
IP03SkGbP-U|Astana International Exchange: Running a Stock Exchange in the Cloud|Finanzas / Intercambio bursátil (aix.kz)|Finanzas|Finance / stock exchange (Aix.kz)|Finance
ec6j-MaOSUc|Treasury Intelligence Solutions: Secure Data Lake para gestión de pagos|Finanzas / Treasury tech|Finanzas|Finance / Treasury Tech|Finance
RCWl0rf8lpE|Cognizant: Beyond Prediction con plataforma AI evolutiva|Tecnología / AI empresarial|Tecnología|Business Technology / Ai|Technology
D6rG9eZ5Qus|Graham Media Group: Modernización de broadcasting tradicional con AWS|Media / Broadcasting|Tecnología|Media / Broadcasting|Technology
H2fOkeXxpyw|Atlassian Forge: Secure Code Invocation a escala en AWS|Tecnología / DevOps / SaaS|Tecnología|Technology / Devops / SAAS|Technology
YiOTd6IfGoU|Go Global: Procesamiento de eventos en data lake genérico|Tecnología / Data Engineering|Tecnología|Technology / Data Engineering|Technology
Dxq_U1TNx1s|TCS: Análisis geoespacial para agricultura genética digital|AgriTech / Tecnología geoespacial|Agricultura|Agritech / Geospatial Technology|Agriculture
gcgtLDB0cKA|CMD by Mantel Group: Tránsito seguro de barcos mediante datos|Logística / Tecnología marítima|Logística y Transporte|Logistics / Maritime Technology|Logistics and transport
pCZ0bxgBL5c|Shin Software: Plataforma para apps 3D interactivas|Tecnología / Desarrollo 3D|Tecnología|Technology / 3D Development|Technology
c8615P0yfi8|Ounass: Escalable reco recommender con Word2vec (árabe)|Retail / e‑commerce / AdTech|Retail|Retail / e -commerce / adtech|Retail
qIO_54vJ_JI|Lancom Tecnología: App de videoconferencia escalable|Comunicaciones / Video Conferencing|Tecnología|Communications / Video Conference|Technology
zr3Kib0i-OQ|Accenture: Inventario de activos con Fargate|Consultoría / Enterprise Cloud|Transformación Digital|Consulting / enterprise cloud|Consulting and Digital Transformation
6sY0AunanlM|NGINX: Despliegue y escalado de apps con EKS/ECS|DevOps / Infraestructura|Tecnología|Devops / infrastructure|Technology
XUCGMzLx8wY|Mytona: Sistema de recomendación de ML para gaming|Gaming / GameTech|Gaming|Gaming / Gametech|Gaming
YosezjoL4MU|Korean Airline: Modernización de data warehouse|Transporte/Aerolíneas / Data Analytics|Logística y Transporte|Transport / Aerolineas / Data Analytics|Logistics and transport
BX1K8x1lVLc|Love, Bonito: Escalabilidad con Magento y Kubernetes|Retail / FashionTech|Retail|Retail / Fashiontech|Retail
i10a06IU4WQ|Pinterest: Control de acceso con STS|Redes sociales / Tecnología|Tecnología|Social Networks / Technology|Technology
4WjXH8Wp0E4|Kainos: Cuidado de pacientes con plataforma interoperable|HealthTech / eHealth|Salud|Healthtech / Ehealth|Health
QOtCpD23118|LeasePlan: Serverless para seguridad y reducción de costos de flota|Mobility Tech / Fleet Management|Tecnología|Mobility Tech / Fleet Management|Technology
W5qVQr-n5M8|FICO: Detección de fraude y AML con Lambda|FinTech / RegTech|Tecnología|Fintech / Regtech|Technology
1xLjtJnfZes|MATTR: Construyendo confianza digital a escala|Tech / Identity / Blockchain|Tecnología|Tech / identity / blockchain|Technology
nM-AkqNh7Yo|from scratch: Task distribution con EMR|Big Data / Data Engineering|Tecnología|Big Data / Data Engineering|Technology
LxeSC3-xMlk|St. Louis University: Alexa con Lex para consultas estudiantiles|EdTech / Voice Interfaces|Tecnología|EDTECH / VOICE INTERFACES|Technology
_pXybA6832o|Olikka: Hub de self-service con Alexa|Retail Tech / Voice Commerce|Retail|Retail Tech / Voice Commerce|Retail
QnmmTIYZxNI|Adobe: Networking en miles de cuentas AWS|Enterprise SaaS / Cloud Infra|Tecnología|Enterprise Saas / Cloud Infra|Technology
1kWxymroGeE|OutSystems: Decomposing a Data Monolith for Scale and MultiTenancy|Tecnología / Low‑Code / Escalabilidad SaaS|Tecnología|Technology / Low -Code / Scalability SAAS|Technology
ZNt9qI_LlPk|Autodesk Data Platform: Product Usage Real-Time Analytics|Software / CAD Analytics|Tecnología|Software / Cor Analytics|Technology
G07keU4g-LU|Jubilant FoodWorks: Driving Customer Experience via Data Lake|FoodTech / Experiencia Cliente|Food|Foodtech / customer experience|Food
l0hlxVNmJPI|eCloudvalley: Enterprise IoT Platform (Mandarin)|IoT / Cloud Integración|Tecnología|IoT / Cloud Integration|Technology
YjASp_VccmI|Vidsy: Content Platform on AWS|Marketing / Video Content SaaS|Marketing|Marketing / Video Content Saas|Marketing
i4ueYgjVDCw|Rappi: EKS, DocumentDB, RDS, ElastiCache to Scale Kubernetes|Food Delivery / Tech Ops|Food|Food Delivery / Tech Ops|Food
chQ1phTqvnY|Hi Res Cam: Object Detection with Lambda Rekognition|Seguridad / Computer Vision SaaS|Tecnología|SECURITY / COMPUTER VISION SAAS|Technology
uda9s3U7vFw|Tooso: Serverless Pipeline para Data Ingestion (Italian)|Retail Tech / Search SaaS|Retail|Retail Tech / Search Saas|Retail
Q6r_QbYXFpg|SynchroNet: Automation & WorkSpaces Provisioning with Step Functions|Enterprise Automation SaaS|Tecnología|Enterprise Automation Saas|Technology
h0HE3bOEiMk|HDFC Life: Event Driven Data Lake & Recovery|Finanzas / Seguros / DataOps|Finanzas|Finance / Insurance / Dataops|Finance
tTQ36qQF_vA|AWS Solutions: Multi‑Region DynamoDB, S3, Cognito|Cloud Infra / Multi‑Region Patterns|Tecnología|Cloud Infra / Multi -Region Patterns|Technology
0gNMEyei-co|Infor: Ingest/analyze App Events for Compliance|ERP / Compliance Analytics|Transformación Digital|ERP / Complence Analytics|Consulting and Digital Transformation
FmhL2334GIY|New Relic: Automated Monitoring on AWS with Synthetics|Observabilidad / Monitoring SaaS|Tecnología|Observability / Monitoring SAAS|Technology
BgT_bDAejSQ|GoDaddy: Agility with ZeroTrust Environment Best Practices|Web Hosting / Ciberseguridad|Tecnología|Hosting / Cybersecurity Web|Technology
SSWwnNVYi_Q|NHS Digital: Reducing processing time using EMR|Salud Pública / DataOps|Salud|Public Health / Dataops|Health
Jkx6kVbDpL4|Nielsen: 55 TB de datos por día con Lambda|Media / Data Analytics|Tecnología|Media / Data Analytics|Technology
iKYvG5aiIn8|TrueBlue: Job Matching con Serverless Delta Lake|HR Tech / Matching SaaS|Transformación Digital|HR Tech / Matching Saas|Consulting and Digital Transformation
4-teOQ_dJvY|SBB Cargo: Data Collection & Serverless Analytics|Transporte / Logística Tech|Transporte|TRANSPORT / LOGISTICS TECH|Transport
fTxvwVj02P0|Simpego|Finanzas / InsurTech|Finanzas|Finance / Insurtech|Finance
uNAmsoLed1E|Bajaj Housing Finance Limited|Finanzas / Hipotecario|Finanzas|Finance / Mortgage|Finance
oEmuI32GYww|LG Electronics ThinQ|Electrónica de consumo / IoT|Tecnología|Consumer electronics / IoT|Technology
GoziWpmFCS0|iRobot|Tecnología / Robótica de consumo|Tecnología|Consumer technology / robotics|Technology
Kp51k6LY-2c|Toyota Motor NA|Automotriz|Automotriz|Automotive|Automotive
Cw26CrJUqv8|Salesforce|Tecnología / SaaS CRM|Tecnología|TECHNOLOGY / SAAS CRM|Technology
c863uNkF0w4|ENGIE Digital|Energía / Utilities|Energía|Energy / Utilities|Energy
GxjMSvwcgvw|Sopra Banking Software|FinTech / Software Bancario|Tecnología|FINTECH / BANK SOFTWARE|Technology
N2mktbl8EQk|An Under the Hood Tune Up with AWS DeepRacer|Educación / AI & ML|Educación|Education / ai & ml|Education
pwxhclKcMas|Depop|Retail / Ecommerce moda|Retail|Retail / Ecommerce Fashion|Retail
FfSNnH2bbNc|Carbon by Indigo|Agricultura sostenible / FinTech Verde|Agricultura|Sustainable Agriculture / Fintech Green|Agriculture
E68ufJOduio|Cohesity: Helios! …|Tecnología / Almacenamiento y respaldo de datos|Tecnología|Technology / storage and data backup|Technology
twsGnp2X-aQ|Zillow: Building Speech Analytics…|Real Estate / PropTech|Real estate|Real Estate / Proptech|Real Estate
ruOhUEooJH0|SK Telecom: EndtoEnd Cloud Management Platform…|Telecomunicaciones / TIC|Tecnología|Telecommunications / ICT|Technology
3yJZ6rPoZfg|Hexagon HxDR: CloudBased Visualization of Spatial Data|Tecnología / GIS & Digital Twin|Tecnología|Technology / gis & digital twin|Technology
MbkLJ62jtMc|Mueller Water Products: …Sensor Data for Municipal Water Conservation|Industriales / Soluciones Hídricas|Industria|Industrial / water solutions|Manufacture
iwDNnyiD26M|Cedrus: Migrating a Legacy Application…|Tecnología / Consultoría & Middleware|Tecnología|Technology / Consulting & Middleware|Technology
u9DZRkJxvWo|PwC: Efficient Intelligent Serverless Pipeline for Pharma|Consultoría / Pharma|Transformación Digital|Consulting / Pharma|Consulting and Digital Transformation
ErXwuwF2mRU|Tapestry: ML & Analytics para Moda en AWS|Retail / Moda|Retail|Retail / fashion|Retail
5vR5aN_xdI0|Splunk: Data at Scale…|Tecnología / Observabilidad & Big Data|Tecnología|Technology / Observability & Big Data|Technology
Kp088QTRmLk|NewsUK|Media / Noticias digitales|Tecnología|Media / Digital News|Technology
o_zqbpuhyIY|TMA Greatest Hits 2020: Vol 1 with Nielsen HSBC and Temenos|Finanzas / Medios & Tecnología|Finanzas|Finance / Media & Technology|Finance
YV8e36ZywLk|Syntax|Tecnología / Consultoría SAP|Tecnología|SAP technology / consulting|Technology
EiljRL0977M|Neumora Therapeutics|Biotecnología / HealthTech|Salud|Biotechnology / Healthtech|Health
sSa4ikC8-Jc|HMH|Educación / Editorial|Educación|Education / Editorial|Education
a6kqyqTNJM4|Seera Group|Turismo / TravelTech|Turismo|Tourism / Traveltech|Tourism
dWCQw_KvlYQ|DAZN|Media / Deportes por streaming|Tecnología|Media / Sports by streaming|Technology
zhCNn7v7mvs|CM Group|Tecnología / Email marketing|Tecnología|Technology / email marketing|Technology
62E9ggjGS8I|DISH Network|Telecomunicaciones / Medios satelitales|Tecnología|Telecommunications / satellite media|Technology
hFx0EF9KEZU|Buzzvil|Tecnología / AdTech móvil|Tecnología|Mobile technology / adtech|Technology
d0EE1HuZSEU|William Hill|Apuestas / Entretenimiento / Gaming|Entretenimiento|Bets / entertainment / gaming|Entertainment
OQKOHNtyz3E|Vodafone NZ|Telecomunicaciones / Contact Center|Tecnología|Telecommunications / Contact Center|Technology
eEfWd4EgH_s|Homegate AG|Real Estate / PropTech|Real estate|Real Estate / Proptech|Real Estate
7wBOFcP1HwA|Seera Group (Arabic)|Turismo / TravelTech|Logística y Transporte|Tourism / Traveltech|Logistics and transport
uMX94Mn9u-4|Kmong|Marketplace de Servicios / Freelance tech|Tecnología|Marketplace of Services / Freelance Tech|Technology
WtCfHP6rUAY|Coople|Trabajo Temporal / Gig Economy|Transformación Digital|Temporary work / gig economy|Consulting and Digital Transformation
S-JSSZZaa94|Samsung Health|HealthTech / Mobile Apps|Salud|Healthtech / Mobile Apps|Health
aAYvbRhZFPo|Xero|FinTech / SaaS contable|Tecnología|FINTECH / SAAS ACCOUNTING|Technology
fRv8sOUyhZw|Ippon with Euler Hermes|Consultoría / Finanzas-insurance tech|Transformación Digital|Consulting / Finance-insurance tech|Consulting and Digital Transformation
e3N5ZuHh7G0|Wag|Servicios para mascotas / PropTech ligera|Pet Services|Pet services / Light Proptech|Pet Services
DAJZAygxDZA|BASF Digital Farming|Agritech / Agricultura inteligente|Agricultura|Agitech / Smart Agriculture|Agriculture
xKaPAihW_gE|Mission|Gamified Tech / Tecnología de fitness?|Transformación Digital|Gamified Tech / Fitness Technology?|Consulting and Digital Transformation
co4_t2gN1T8|AC3|Tecnología geoespacial / GIS|Aeroespacial|GEOESPACIAL / GIS TECHNOLOGY|Aerospace
WZ4YL4Z177Q|Delhivery|Logística / Supply Chain Tech|Logística y Transporte|Logistics / Supply Chain Tech|Logistics and transport
lHM96P5kP2k|Fyber|AdTech / Publicidad móvil|Tecnología|Adtech / Mobile Advertising|Technology
qN5-v4NlKac|Cookpad|Tecnología / FoodTech social|Tecnología|Technology / Social Foodtech|Technology
JcHSFIZMYHc|CleverTap|Marketing / Engagement SaaS|Marketing|Marketing / Saas Engage|Marketing
CDCLwX2fo2g|Ztore|Retail / Ecommerce|Retail|Retail / ecommerce|Retail
OmVQ6pNDbaY|Solarwinds|Observabilidad TI / Monitoring|Tecnología|Observability IT / Monitoring|Technology
9-a9Y5THTYo|Vitesco Tecnologíanologies|Automotriz / Tecnología de movilidad eléctrica|Automotriz|Automotive / Electric Mobility Technology|Automotive
fppIOuRMI2g|Instructure|Educación / EdTech|Educación|Education / Edtech|Education
AzM_d7ZvzUE|Epsagon|Observabilidad / Serverless Monitoring|Tecnología|Observability / Serverless Monitoring|Technology
JYeXbUdFOdw|Noventiq|Tecnología / Search & Analytics|Tecnología|Technology / Search & Analytics|Technology
Eoq7E6jMtBs|Orangetheory Fitness|Fitness / Health Tech|Fitness|Fitness / Health Tech|Fitness
r3g1Nym-ebY|Volkswagen Financial Services|Finanzas / Automotriz|Finanzas|Finance / Automotive|Finance
ZsabzCVjkIk|Mikamai|Tecnología / Desarrollo Web|Tecnología|TECHNOLOGY / WEB DEVELOPMENT|Technology
l3f29v3IJGA|Arvind Internet|Tecnología / Ecommerce o SaaS|Tecnología|Technology / Ecommerce or SAAS|Technology
c-1GXhOOOww|Anchor Operating System: Building a Serverless Guest Sightseeing Journey Seamlessly|Tecnología|Tecnología|Technology|Technology
JVcKidzqpYY|Aramex: Leveraging AI ML to Enhance Customer Experience|Logistica|Logística y Transporte|Logistics|Logistics and transport
N0NBhnxez00|This is My Architecture: Analytics Customer Spotlight|Transformación Digital|Transformación Digital|Digital transformation|Consulting and Digital Transformation
OWLGK-eVrTw|Heimdall Data: Query Caching Without Code Changes|Tecnología|Tecnología|Technology|Technology
